,Date,Open,High,Low,Close,Volume,symbol,exchange
0.0,1635630000000,0.069762,0.069805,0.069751,0.069754,56.335,ETH/BTC,binance
0.001,1635630300000,0.069752,0.069837,0.069688,0.069821,160.2794,ETH/BTC,binance
0.002,1635630600000,0.069814,0.069826,0.069758,0.069813,69.9405,ETH/BTC,binance
0.003,1635630900000,0.069808,0.069829,0.069713,0.06972,216.1205,ETH/BTC,binance
0.004,1635631200000,0.069719,0.069754,0.069667,0.069667,142.0455,ETH/BTC,binance
0.005,1635631500000,0.069667,0.069727,0.069649,0.069679,193.0814,ETH/BTC,binance
0.006,1635631800000,0.069692,0.069741,0.069611,0.069741,173.0106,ETH/BTC,binance
0.007,1635632100000,0.069741,0.069748,0.069679,0.069723,140.6977,ETH/BTC,binance
0.008,1635632400000,0.069717,0.069752,0.069657,0.069669,126.7399,ETH/BTC,binance
0.009,1635632700000,0.069669,0.069689,0.069547,0.069618,194.058,ETH/BTC,binance
0.01,1635633000000,0.069609,0.069626,0.069388,0.069446,431.7798,ETH/BTC,binance
0.011,1635633300000,0.069454,0.06956,0.069418,0.069517,312.2379,ETH/BTC,binance
0.012,1635633600000,0.069512,0.069531,0.069435,0.069507,162.0464,ETH/BTC,binance
0.013,1635633900000,0.069512,0.069648,0.069506,0.069639,202.7299,ETH/BTC,binance
0.014,1635634200000,0.069632,0.069729,0.069605,0.069699,148.6098,ETH/BTC,binance
0.015,1635634500000,0.069704,0.069767,0.069629,0.069663,261.2975,ETH/BTC,binance
0.016,1635634800000,0.069659,0.069676,0.069541,0.069662,187.7923,ETH/BTC,binance
0.017,1635635100000,0.06966,0.069787,0.069643,0.069711,205.5909,ETH/BTC,binance
0.018,1635635400000,0.069712,0.069793,0.069667,0.069722,249.3378,ETH/BTC,binance
0.019,1635635700000,0.069719,0.069745,0.069678,0.069678,130.0397,ETH/BTC,binance
0.02,1635636000000,0.069678,0.069691,0.069574,0.069595,242.8424,ETH/BTC,binance
0.021,1635636300000,0.069599,0.069644,0.069567,0.069644,133.6143,ETH/BTC,binance
0.022,1635636600000,0.069648,0.069803,0.069614,0.069803,194.3117,ETH/BTC,binance
0.023,1635636900000,0.069803,0.069999,0.069777,0.069996,233.3382,ETH/BTC,binance
0.024,1635637200000,0.069997,0.070018,0.069863,0.069866,181.7132,ETH/BTC,binance
0.025,1635637500000,0.06987,0.069928,0.069838,0.069856,171.9432,ETH/BTC,binance
0.026,1635637800000,0.069858,0.069887,0.069822,0.069876,124.619,ETH/BTC,binance
0.027,1635638100000,0.069889,0.069986,0.06982,0.069861,197.0491,ETH/BTC,binance
0.028,1635638400000,0.069864,0.069895,0.069569,0.069718,461.2569,ETH/BTC,binance
0.029,1635638700000,0.069718,0.0702,0.069713,0.070132,797.5563,ETH/BTC,binance
0.03,1635639000000,0.070137,0.070197,0.070026,0.070098,358.308,ETH/BTC,binance
0.031,1635639300000,0.070098,0.070322,0.070098,0.070252,405.4479,ETH/BTC,binance
0.032,1635639600000,0.070253,0.070267,0.070055,0.070199,258.4466,ETH/BTC,binance
0.033,1635639900000,0.070199,0.070345,0.070181,0.070252,290.4581,ETH/BTC,binance
0.034,1635640200000,0.070251,0.070456,0.070247,0.070357,454.029,ETH/BTC,binance
0.035,1635640500000,0.070357,0.070477,0.070339,0.070469,555.7126,ETH/BTC,binance
0.036,1635640800000,0.070466,0.070474,0.070294,0.070332,260.9031,ETH/BTC,binance
0.037,1635641100000,0.070318,0.070475,0.07027,0.07032,398.7231,ETH/BTC,binance
0.038,1635641400000,0.07032,0.070342,0.070295,0.070303,111.2848,ETH/BTC,binance
0.039,1635641700000,0.070302,0.070334,0.07025,0.070273,223.4356,ETH/BTC,binance
0.04,1635642000000,0.070273,0.070465,0.070271,0.070414,520.4915,ETH/BTC,binance
0.041,1635642300000,0.07041,0.070448,0.070358,0.070384,132.3252,ETH/BTC,binance
0.042,1635642600000,0.070385,0.070405,0.070233,0.07025,287.6323,ETH/BTC,binance
0.043,1635642900000,0.070249,0.07027,0.070076,0.070076,188.9651,ETH/BTC,binance
0.044,1635643200000,0.070077,0.070144,0.070046,0.070046,218.4504,ETH/BTC,binance
0.045,1635643500000,0.070045,0.070077,0.069979,0.069989,251.2979,ETH/BTC,binance
0.046,1635643800000,0.069988,0.070044,0.069941,0.069987,374.3537,ETH/BTC,binance
0.047,1635644100000,0.069986,0.070029,0.069942,0.069998,547.811,ETH/BTC,binance
0.048,1635644400000,0.07,0.07016,0.069999,0.070085,298.6154,ETH/BTC,binance
0.049,1635644700000,0.070083,0.070205,0.070082,0.070195,194.5938,ETH/BTC,binance
0.05,1635645000000,0.070198,0.070271,0.070106,0.070106,165.7325,ETH/BTC,binance
0.051,1635645300000,0.070107,0.070187,0.070074,0.070184,124.364,ETH/BTC,binance
0.052,1635645600000,0.070188,0.070263,0.070175,0.070224,287.9406,ETH/BTC,binance
0.053,1635645900000,0.070228,0.07036,0.070228,0.070356,119.9708,ETH/BTC,binance
0.054,1635646200000,0.070356,0.070511,0.070348,0.070511,266.9602,ETH/BTC,binance
0.055,1635646500000,0.070511,0.070527,0.070375,0.070495,197.0601,ETH/BTC,binance
0.056,1635646800000,0.07049,0.070567,0.070479,0.070562,792.6022,ETH/BTC,binance
0.057,1635647100000,0.070559,0.070601,0.070548,0.070548,743.5167,ETH/BTC,binance
0.058,1635647400000,0.070549,0.070551,0.070446,0.070532,573.5223,ETH/BTC,binance
0.059,1635647700000,0.07053,0.070557,0.070426,0.070557,438.2003,ETH/BTC,binance
0.06,1635648000000,0.070558,0.070616,0.070512,0.070554,175.9215,ETH/BTC,binance
0.061,1635648300000,0.070554,0.070579,0.070375,0.070483,362.6913,ETH/BTC,binance
0.062,1635648600000,0.070485,0.070636,0.070485,0.070633,216.699,ETH/BTC,binance
0.063,1635648900000,0.070636,0.070734,0.070586,0.070701,516.7055,ETH/BTC,binance
0.064,1635649200000,0.070702,0.070772,0.0707,0.070753,241.5099,ETH/BTC,binance
0.065,1635649500000,0.07075,0.070753,0.070638,0.070643,178.1178,ETH/BTC,binance
0.066,1635649800000,0.070638,0.070699,0.070565,0.070594,231.281,ETH/BTC,binance
0.067,1635650100000,0.070594,0.070618,0.070535,0.07061,325.35,ETH/BTC,binance
0.068,1635650400000,0.070613,0.070709,0.070569,0.070674,1215.9626,ETH/BTC,binance
0.069,1635650700000,0.070674,0.070771,0.070615,0.070719,1237.9383,ETH/BTC,binance
0.07,1635651000000,0.07072,0.070847,0.07072,0.070813,1622.3613,ETH/BTC,binance
0.071,1635651300000,0.070818,0.070898,0.070812,0.07089,1331.129,ETH/BTC,binance
0.072,1635651600000,0.070891,0.070966,0.070886,0.070933,1549.6473,ETH/BTC,binance
0.073,1635651900000,0.070934,0.070971,0.070857,0.070899,1125.7769,ETH/BTC,binance
0.074,1635652200000,0.070896,0.070901,0.070823,0.070829,326.5936,ETH/BTC,binance
0.075,1635652500000,0.07083,0.070885,0.070771,0.070824,119.5897,ETH/BTC,binance
0.076,1635652800000,0.070824,0.070926,0.070824,0.070888,183.8913,ETH/BTC,binance
0.077,1635653100000,0.070888,0.070917,0.070795,0.070798,239.1228,ETH/BTC,binance
0.078,1635653400000,0.070798,0.070847,0.070788,0.070827,115.7463,ETH/BTC,binance
0.079,1635653700000,0.070825,0.070905,0.070807,0.070905,128.91,ETH/BTC,binance
0.08,1635654000000,0.070911,0.07099,0.070885,0.070962,874.6938,ETH/BTC,binance
0.081,1635654300000,0.070969,0.071045,0.070951,0.071042,1117.8872,ETH/BTC,binance
0.082,1635654600000,0.071042,0.071097,0.071005,0.071038,1137.9691,ETH/BTC,binance
0.083,1635654900000,0.071043,0.071147,0.071042,0.071147,1044.9331,ETH/BTC,binance
0.084,1635655200000,0.071147,0.0712,0.071122,0.071183,1153.5295,ETH/BTC,binance
0.085,1635655500000,0.071183,0.071243,0.071147,0.071184,1123.2075,ETH/BTC,binance
0.086,1635655800000,0.071183,0.071195,0.071126,0.071166,310.1354,ETH/BTC,binance
0.087,1635656100000,0.071163,0.071163,0.071108,0.071136,149.3076,ETH/BTC,binance
0.088,1635656400000,0.071133,0.071199,0.071118,0.071145,161.2038,ETH/BTC,binance
0.089,1635656700000,0.07114,0.071164,0.07103,0.071033,201.2381,ETH/BTC,binance
0.09,1635657000000,0.071035,0.071102,0.070824,0.070918,923.1448,ETH/BTC,binance
0.091,1635657300000,0.070917,0.070934,0.070579,0.070664,1430.827,ETH/BTC,binance
0.092,1635657600000,0.070656,0.070696,0.070581,0.07066,1172.4079,ETH/BTC,binance
0.093,1635657900000,0.07066,0.070708,0.07047,0.070573,1208.7705,ETH/BTC,binance
0.094,1635658200000,0.070574,0.070629,0.070515,0.070624,1071.0416,ETH/BTC,binance
0.095,1635658500000,0.070632,0.070674,0.070603,0.070664,1150.8226,ETH/BTC,binance
0.096,1635658800000,0.070664,0.070687,0.070549,0.070558,1095.7597,ETH/BTC,binance
0.097,1635659100000,0.070558,0.070636,0.070546,0.070551,374.4062,ETH/BTC,binance
0.098,1635659400000,0.07055,0.070641,0.070544,0.070619,157.6279,ETH/BTC,binance
0.099,1635659700000,0.070616,0.070689,0.070616,0.070654,129.4248,ETH/BTC,binance
0.1,1635660000000,0.070654,0.070712,0.070604,0.070606,165.5529,ETH/BTC,binance
0.101,1635660300000,0.070602,0.070668,0.070591,0.070598,104.765,ETH/BTC,binance
0.102,1635660600000,0.070599,0.070624,0.070519,0.070519,137.5217,ETH/BTC,binance
0.103,1635660900000,0.07052,0.070538,0.07041,0.070415,380.7415,ETH/BTC,binance
0.104,1635661200000,0.070417,0.070428,0.070364,0.070384,169.0183,ETH/BTC,binance
0.105,1635661500000,0.070385,0.070439,0.070382,0.070414,84.5896,ETH/BTC,binance
0.106,1635661800000,0.070414,0.070461,0.070402,0.070459,147.9304,ETH/BTC,binance
0.107,1635662100000,0.070461,0.070476,0.07038,0.07044,221.4354,ETH/BTC,binance
0.108,1635662400000,0.070439,0.070439,0.070336,0.070352,191.8286,ETH/BTC,binance
0.109,1635662700000,0.070351,0.070375,0.07034,0.070357,225.899,ETH/BTC,binance
0.11,1635663000000,0.070365,0.070375,0.070356,0.070375,159.2782,ETH/BTC,binance
0.111,1635663300000,0.070375,0.070469,0.070353,0.070469,684.1356,ETH/BTC,binance
0.112,1635663600000,0.070469,0.070533,0.070455,0.070487,645.0778,ETH/BTC,binance
0.113,1635663900000,0.070488,0.070541,0.07047,0.070476,659.5352,ETH/BTC,binance
0.114,1635664200000,0.070479,0.070553,0.07047,0.070504,737.5804,ETH/BTC,binance
0.115,1635664500000,0.070504,0.070587,0.07048,0.070574,735.2901,ETH/BTC,binance
0.116,1635664800000,0.070574,0.070596,0.070505,0.07052,649.7538,ETH/BTC,binance
0.117,1635665100000,0.07052,0.070663,0.070512,0.070618,683.7441,ETH/BTC,binance
0.118,1635665400000,0.070617,0.070633,0.070546,0.07055,107.1464,ETH/BTC,binance
0.119,1635665700000,0.070547,0.070564,0.070527,0.070547,131.6855,ETH/BTC,binance
0.12,1635666000000,0.070552,0.070593,0.070522,0.070522,98.5603,ETH/BTC,binance
0.121,1635666300000,0.070523,0.070533,0.070415,0.070425,90.1637,ETH/BTC,binance
0.122,1635666600000,0.070421,0.070437,0.070399,0.070411,119.4992,ETH/BTC,binance
0.123,1635666900000,0.070411,0.070414,0.070302,0.070367,180.977,ETH/BTC,binance
0.124,1635667200000,0.070362,0.070414,0.070302,0.070344,189.1412,ETH/BTC,binance
0.125,1635667500000,0.070349,0.070465,0.070331,0.070458,152.4792,ETH/BTC,binance
0.126,1635667800000,0.070458,0.070458,0.070366,0.070417,182.0291,ETH/BTC,binance
0.127,1635668100000,0.070418,0.070591,0.070405,0.07046,223.4412,ETH/BTC,binance
0.128,1635668400000,0.070461,0.070471,0.070336,0.070403,257.1621,ETH/BTC,binance
0.129,1635668700000,0.070403,0.070472,0.070358,0.070442,269.2116,ETH/BTC,binance
0.13,1635669000000,0.070431,0.070444,0.070348,0.070368,383.4743,ETH/BTC,binance
0.131,1635669300000,0.070376,0.070385,0.070207,0.07028,370.0812,ETH/BTC,binance
0.132,1635669600000,0.070288,0.070318,0.0702,0.070238,267.0141,ETH/BTC,binance
0.133,1635669900000,0.070217,0.070356,0.070216,0.070268,305.0726,ETH/BTC,binance
0.134,1635670200000,0.070268,0.070345,0.070251,0.070333,173.684,ETH/BTC,binance
0.135,1635670500000,0.070331,0.070379,0.07027,0.070276,180.566,ETH/BTC,binance
0.136,1635670800000,0.070277,0.070294,0.070192,0.070192,210.4617,ETH/BTC,binance
0.137,1635671100000,0.070191,0.070271,0.07015,0.070197,274.7881,ETH/BTC,binance
0.138,1635671400000,0.070191,0.0703,0.070036,0.070225,493.4196,ETH/BTC,binance
0.139,1635671700000,0.070221,0.070361,0.070183,0.070318,121.2663,ETH/BTC,binance
0.14,1635672000000,0.070318,0.070331,0.070284,0.070302,116.7491,ETH/BTC,binance
0.141,1635672300000,0.070305,0.070341,0.070267,0.070316,143.3464,ETH/BTC,binance
0.142,1635672600000,0.07032,0.07032,0.070247,0.070283,146.7014,ETH/BTC,binance
0.143,1635672900000,0.07028,0.070317,0.070272,0.070301,140.9464,ETH/BTC,binance
0.144,1635673200000,0.070306,0.070324,0.070268,0.070288,142.0433,ETH/BTC,binance
0.145,1635673500000,0.070287,0.070326,0.070269,0.070269,173.1332,ETH/BTC,binance
0.146,1635673800000,0.070269,0.070279,0.07019,0.070217,172.7282,ETH/BTC,binance
0.147,1635674100000,0.070217,0.070276,0.070176,0.070232,226.2489,ETH/BTC,binance
0.148,1635674400000,0.07023,0.070244,0.070134,0.070134,120.8226,ETH/BTC,binance
0.149,1635674700000,0.070137,0.070151,0.069961,0.070025,402.2718,ETH/BTC,binance
0.15,1635675000000,0.070025,0.070076,0.069917,0.07007,368.2396,ETH/BTC,binance
0.151,1635675300000,0.070069,0.070069,0.069872,0.069995,314.5262,ETH/BTC,binance
0.152,1635675600000,0.070003,0.070027,0.069873,0.069976,388.784,ETH/BTC,binance
0.153,1635675900000,0.069972,0.070051,0.06994,0.070046,147.7517,ETH/BTC,binance
0.154,1635676200000,0.070052,0.070063,0.069949,0.069965,193.8163,ETH/BTC,binance
0.155,1635676500000,0.069966,0.0701,0.069945,0.070088,100.2548,ETH/BTC,binance
0.156,1635676800000,0.070092,0.070142,0.070003,0.070075,266.0552,ETH/BTC,binance
0.157,1635677100000,0.070075,0.070139,0.070044,0.070044,241.64,ETH/BTC,binance
0.158,1635677400000,0.070044,0.070065,0.070008,0.07002,133.4033,ETH/BTC,binance
0.159,1635677700000,0.07002,0.070022,0.069901,0.069943,210.4816,ETH/BTC,binance
0.16,1635678000000,0.069935,0.07006,0.0699,0.070043,202.0858,ETH/BTC,binance
0.161,1635678300000,0.070051,0.070063,0.069989,0.070059,96.3125,ETH/BTC,binance
0.162,1635678600000,0.070059,0.070068,0.069948,0.069948,109.1376,ETH/BTC,binance
0.163,1635678900000,0.069953,0.069972,0.069829,0.069843,200.6642,ETH/BTC,binance
0.164,1635679200000,0.069848,0.069906,0.069837,0.069881,139.3174,ETH/BTC,binance
0.165,1635679500000,0.069887,0.069966,0.069811,0.069932,163.6155,ETH/BTC,binance
0.166,1635679800000,0.069927,0.069939,0.069847,0.069906,120.7013,ETH/BTC,binance
0.167,1635680100000,0.069912,0.069913,0.069619,0.069655,572.2929,ETH/BTC,binance
0.168,1635680400000,0.069662,0.0697,0.0695,0.069574,761.9454,ETH/BTC,binance
0.169,1635680700000,0.069559,0.069732,0.069466,0.069717,401.1996,ETH/BTC,binance
0.17,1635681000000,0.069711,0.069792,0.069632,0.069635,153.053,ETH/BTC,binance
0.171,1635681300000,0.069631,0.069679,0.069536,0.069585,191.3212,ETH/BTC,binance
0.172,1635681600000,0.069585,0.069585,0.069245,0.069304,846.1908,ETH/BTC,binance
0.173,1635681900000,0.069305,0.069315,0.069128,0.069272,889.0026,ETH/BTC,binance
0.174,1635682200000,0.069272,0.06947,0.069165,0.069424,513.5898,ETH/BTC,binance
0.175,1635682500000,0.069426,0.069495,0.069385,0.069385,376.735,ETH/BTC,binance
0.176,1635682800000,0.069382,0.069446,0.069343,0.069425,208.8695,ETH/BTC,binance
0.177,1635683100000,0.069433,0.06949,0.069404,0.069426,129.037,ETH/BTC,binance
0.178,1635683400000,0.069426,0.069694,0.069417,0.069603,288.2265,ETH/BTC,binance
0.179,1635683700000,0.069602,0.0697,0.069565,0.069612,159.5723,ETH/BTC,binance
0.18,1635684000000,0.069612,0.069677,0.069579,0.069584,187.0797,ETH/BTC,binance
0.181,1635684300000,0.06958,0.069622,0.069549,0.069611,131.8236,ETH/BTC,binance
0.182,1635684600000,0.069605,0.069627,0.0695,0.069507,187.9345,ETH/BTC,binance
0.183,1635684900000,0.069508,0.06956,0.069435,0.069455,252.7391,ETH/BTC,binance
0.184,1635685200000,0.069452,0.069531,0.069403,0.069474,187.5161,ETH/BTC,binance
0.185,1635685500000,0.069475,0.069535,0.06947,0.069513,205.4332,ETH/BTC,binance
0.186,1635685800000,0.069515,0.069595,0.069493,0.06954,269.4141,ETH/BTC,binance
0.187,1635686100000,0.069539,0.069675,0.069526,0.069623,326.5914,ETH/BTC,binance
0.188,1635686400000,0.069622,0.06967,0.069473,0.069551,322.5193,ETH/BTC,binance
0.189,1635686700000,0.069552,0.069598,0.069468,0.069577,225.9269,ETH/BTC,binance
0.19,1635687000000,0.069572,0.069585,0.069515,0.069541,262.9851,ETH/BTC,binance
0.191,1635687300000,0.06954,0.069622,0.069484,0.069569,477.737,ETH/BTC,binance
0.192,1635687600000,0.069567,0.069655,0.069551,0.069632,234.3234,ETH/BTC,binance
0.193,1635687900000,0.069631,0.069642,0.069538,0.069591,164.1297,ETH/BTC,binance
0.194,1635688200000,0.069589,0.069657,0.069558,0.069632,193.213,ETH/BTC,binance
0.195,1635688500000,0.069632,0.06967,0.0696,0.069663,158.3576,ETH/BTC,binance
0.196,1635688800000,0.069662,0.069662,0.069502,0.069516,235.6656,ETH/BTC,binance
0.197,1635689100000,0.069513,0.069669,0.069493,0.069652,273.1163,ETH/BTC,binance
0.198,1635689400000,0.069655,0.069848,0.069655,0.069824,431.3621,ETH/BTC,binance
0.199,1635689700000,0.069824,0.069882,0.069734,0.069762,294.0684,ETH/BTC,binance
0.2,1635690000000,0.069762,0.0698,0.069713,0.06977,182.4163,ETH/BTC,binance
0.201,1635690300000,0.06977,0.069797,0.0697,0.069733,336.8662,ETH/BTC,binance
0.202,1635690600000,0.069724,0.069771,0.069577,0.069642,519.3038,ETH/BTC,binance
0.203,1635690900000,0.069663,0.069746,0.069647,0.069687,299.9396,ETH/BTC,binance
0.204,1635691200000,0.069682,0.069701,0.069598,0.069673,198.7926,ETH/BTC,binance
0.205,1635691500000,0.069672,0.069711,0.069598,0.069655,245.6543,ETH/BTC,binance
0.206,1635691800000,0.069653,0.0697,0.069611,0.069695,154.8778,ETH/BTC,binance
0.207,1635692100000,0.069694,0.069706,0.069566,0.069574,187.6337,ETH/BTC,binance
0.208,1635692400000,0.069574,0.069586,0.069472,0.069522,407.3547,ETH/BTC,binance
0.209,1635692700000,0.069521,0.069573,0.069495,0.069541,193.4482,ETH/BTC,binance
0.21,1635693000000,0.069541,0.069552,0.069476,0.069531,347.215,ETH/BTC,binance
0.211,1635693300000,0.069534,0.069614,0.069506,0.069551,143.5534,ETH/BTC,binance
0.212,1635693600000,0.069549,0.069591,0.069528,0.069539,155.3271,ETH/BTC,binance
0.213,1635693900000,0.069538,0.069634,0.069521,0.069593,199.2967,ETH/BTC,binance
0.214,1635694200000,0.069594,0.069627,0.069556,0.069576,140.3317,ETH/BTC,binance
0.215,1635694500000,0.069585,0.06959,0.069485,0.069494,204.4226,ETH/BTC,binance
0.216,1635694800000,0.069495,0.069577,0.069456,0.069534,282.9729,ETH/BTC,binance
0.217,1635695100000,0.069539,0.06967,0.069527,0.069649,122.4827,ETH/BTC,binance
0.218,1635695400000,0.069643,0.06974,0.069637,0.069723,144.7654,ETH/BTC,binance
0.219,1635695700000,0.069725,0.069733,0.069676,0.069702,104.0118,ETH/BTC,binance
0.22,1635696000000,0.069696,0.069789,0.069665,0.069688,259.4048,ETH/BTC,binance
0.221,1635696300000,0.069687,0.069687,0.069584,0.069611,200.1741,ETH/BTC,binance
0.222,1635696600000,0.069614,0.069695,0.069609,0.069694,212.371,ETH/BTC,binance
0.223,1635696900000,0.069693,0.069711,0.069603,0.069665,158.471,ETH/BTC,binance
0.224,1635697200000,0.069666,0.069722,0.069602,0.069715,134.9744,ETH/BTC,binance
0.225,1635697500000,0.069709,0.069846,0.069692,0.069765,300.1074,ETH/BTC,binance
0.226,1635697800000,0.069764,0.069792,0.069681,0.069777,128.9732,ETH/BTC,binance
0.227,1635698100000,0.069771,0.069816,0.069746,0.069782,92.6309,ETH/BTC,binance
0.228,1635698400000,0.069782,0.069796,0.069721,0.069739,104.76,ETH/BTC,binance
0.229,1635698700000,0.069738,0.069915,0.069734,0.069871,411.8492,ETH/BTC,binance
0.23,1635699000000,0.06987,0.069944,0.06987,0.069925,232.7655,ETH/BTC,binance
0.231,1635699300000,0.069925,0.06995,0.069811,0.069824,235.7828,ETH/BTC,binance
0.232,1635699600000,0.069825,0.069897,0.069825,0.069837,266.3133,ETH/BTC,binance
0.233,1635699900000,0.069836,0.069889,0.06982,0.069872,174.3136,ETH/BTC,binance
0.234,1635700200000,0.069874,0.069936,0.069858,0.069928,104.2985,ETH/BTC,binance
0.235,1635700500000,0.069928,0.069946,0.06981,0.069895,238.1754,ETH/BTC,binance
0.236,1635700800000,0.069904,0.069981,0.069883,0.069901,209.8258,ETH/BTC,binance
0.237,1635701100000,0.069901,0.069994,0.069901,0.069909,179.6651,ETH/BTC,binance
0.238,1635701400000,0.069914,0.070016,0.069887,0.069983,417.1556,ETH/BTC,binance
0.239,1635701700000,0.069983,0.070018,0.069937,0.069941,98.5486,ETH/BTC,binance
0.24,1635702000000,0.069941,0.070004,0.069898,0.07,95.1375,ETH/BTC,binance
0.241,1635702300000,0.069997,0.070002,0.069931,0.069944,104.4445,ETH/BTC,binance
0.242,1635702600000,0.069941,0.070057,0.069939,0.070026,103.7801,ETH/BTC,binance
0.243,1635702900000,0.070026,0.070045,0.069936,0.069947,130.51,ETH/BTC,binance
0.244,1635703200000,0.069946,0.069966,0.069877,0.069928,154.077,ETH/BTC,binance
0.245,1635703500000,0.069929,0.069934,0.069856,0.069886,135.4197,ETH/BTC,binance
0.246,1635703800000,0.069886,0.069937,0.069815,0.069872,161.3577,ETH/BTC,binance
0.247,1635704100000,0.069873,0.069903,0.069812,0.069848,142.0115,ETH/BTC,binance
0.248,1635704400000,0.069848,0.069883,0.069778,0.069866,284.877,ETH/BTC,binance
0.249,1635704700000,0.06987,0.069883,0.069817,0.069838,125.666,ETH/BTC,binance
0.25,1635705000000,0.069831,0.069881,0.069805,0.069852,167.9549,ETH/BTC,binance
0.251,1635705300000,0.069853,0.069897,0.069833,0.069835,180.5368,ETH/BTC,binance
0.252,1635705600000,0.069836,0.069858,0.069789,0.069828,96.8215,ETH/BTC,binance
0.253,1635705900000,0.069828,0.069875,0.069782,0.069828,129.2532,ETH/BTC,binance
0.254,1635706200000,0.069829,0.069955,0.069806,0.069944,166.4107,ETH/BTC,binance
0.255,1635706500000,0.069949,0.07001,0.069915,0.070002,223.186,ETH/BTC,binance
0.256,1635706800000,0.070002,0.07001,0.069953,0.06996,270.6321,ETH/BTC,binance
0.257,1635707100000,0.069957,0.070031,0.069944,0.070019,168.9652,ETH/BTC,binance
0.258,1635707400000,0.07002,0.070065,0.070019,0.070051,107.4934,ETH/BTC,binance
0.259,1635707700000,0.07005,0.070055,0.070003,0.070031,89.3004,ETH/BTC,binance
0.26,1635708000000,0.070031,0.070058,0.070024,0.070044,134.6655,ETH/BTC,binance
0.261,1635708300000,0.070039,0.070078,0.070024,0.070057,116.1219,ETH/BTC,binance
0.262,1635708600000,0.070055,0.07009,0.070045,0.07009,73.2348,ETH/BTC,binance
0.263,1635708900000,0.070091,0.070119,0.070059,0.070067,97.9872,ETH/BTC,binance
0.264,1635709200000,0.070067,0.070069,0.070024,0.07003,203.009,ETH/BTC,binance
0.265,1635709500000,0.07003,0.070056,0.070024,0.070024,114.5697,ETH/BTC,binance
0.266,1635709800000,0.070025,0.07005,0.070024,0.070028,159.5637,ETH/BTC,binance
0.267,1635710100000,0.070028,0.070041,0.069979,0.069992,155.4421,ETH/BTC,binance
0.268,1635710400000,0.06999,0.070007,0.069885,0.069913,170.3934,ETH/BTC,binance
0.269,1635710700000,0.069922,0.069956,0.069885,0.069954,75.1962,ETH/BTC,binance
0.27,1635711000000,0.069957,0.069972,0.069905,0.069969,94.1479,ETH/BTC,binance
0.271,1635711300000,0.069952,0.070022,0.069926,0.069975,154.3874,ETH/BTC,binance
0.272,1635711600000,0.069974,0.070088,0.069973,0.070054,283.4168,ETH/BTC,binance
0.273,1635711900000,0.070064,0.070064,0.06998,0.069985,143.0623,ETH/BTC,binance
0.274,1635712200000,0.069987,0.070055,0.069947,0.070019,136.904,ETH/BTC,binance
0.275,1635712500000,0.070019,0.070058,0.070015,0.07005,166.1103,ETH/BTC,binance
0.276,1635712800000,0.07005,0.070062,0.069942,0.069981,134.2871,ETH/BTC,binance
0.277,1635713100000,0.069975,0.070053,0.069953,0.070043,66.8368,ETH/BTC,binance
0.278,1635713400000,0.07005,0.070054,0.0699,0.069929,96.7073,ETH/BTC,binance
0.279,1635713700000,0.06994,0.070053,0.069932,0.070019,93.7409,ETH/BTC,binance
0.28,1635714000000,0.070009,0.070073,0.069998,0.070047,139.0466,ETH/BTC,binance
0.281,1635714300000,0.070039,0.070045,0.069995,0.070023,116.4306,ETH/BTC,binance
0.282,1635714600000,0.070018,0.070104,0.07001,0.070096,134.7495,ETH/BTC,binance
0.283,1635714900000,0.070101,0.070171,0.070076,0.070099,280.9172,ETH/BTC,binance
0.284,1635715200000,0.070099,0.070102,0.070033,0.070033,81.882,ETH/BTC,binance
0.285,1635715500000,0.070039,0.070039,0.06988,0.069881,146.5765,ETH/BTC,binance
0.286,1635715800000,0.06988,0.070035,0.069817,0.070011,340.0441,ETH/BTC,binance
0.287,1635716100000,0.070001,0.070054,0.069966,0.070007,160.0461,ETH/BTC,binance
0.288,1635716400000,0.070007,0.070167,0.069992,0.070149,221.6683,ETH/BTC,binance
0.289,1635716700000,0.07016,0.070375,0.07004,0.070071,766.0098,ETH/BTC,binance
0.29,1635717000000,0.070071,0.070113,0.069961,0.070081,189.4016,ETH/BTC,binance
0.291,1635717300000,0.070081,0.070187,0.070049,0.070078,244.3147,ETH/BTC,binance
0.292,1635717600000,0.070086,0.070199,0.070056,0.070079,285.8713,ETH/BTC,binance
0.293,1635717900000,0.070077,0.070157,0.070045,0.070128,208.6415,ETH/BTC,binance
0.294,1635718200000,0.070133,0.070138,0.070011,0.070053,112.833,ETH/BTC,binance
0.295,1635718500000,0.070057,0.070114,0.070042,0.070068,67.7415,ETH/BTC,binance
0.296,1635718800000,0.070066,0.07008,0.069959,0.069983,125.8871,ETH/BTC,binance
0.297,1635719100000,0.069983,0.070099,0.069959,0.070039,172.9917,ETH/BTC,binance
0.298,1635719400000,0.070039,0.07012,0.070023,0.070072,100.5737,ETH/BTC,binance
0.299,1635719700000,0.070067,0.070082,0.069994,0.070028,152.2042,ETH/BTC,binance
0.3,1635720000000,0.070026,0.070071,0.070001,0.070059,94.3006,ETH/BTC,binance
0.301,1635720300000,0.070064,0.070086,0.070018,0.07004,152.6301,ETH/BTC,binance
0.302,1635720600000,0.07004,0.070044,0.069959,0.069959,65.1885,ETH/BTC,binance
0.303,1635720900000,0.069959,0.069968,0.069943,0.069964,114.849,ETH/BTC,binance
0.304,1635721200000,0.069963,0.069999,0.069898,0.069907,130.0295,ETH/BTC,binance
0.305,1635721500000,0.069904,0.06993,0.069788,0.069788,202.1109,ETH/BTC,binance
0.306,1635721800000,0.069788,0.069895,0.069757,0.069778,178.55,ETH/BTC,binance
0.307,1635722100000,0.069778,0.069839,0.069777,0.069833,312.2069,ETH/BTC,binance
0.308,1635722400000,0.069824,0.069851,0.069752,0.069812,103.9632,ETH/BTC,binance
0.309,1635722700000,0.069804,0.069855,0.069789,0.069818,102.7058,ETH/BTC,binance
0.31,1635723000000,0.069816,0.069898,0.069781,0.069851,111.7192,ETH/BTC,binance
0.311,1635723300000,0.069854,0.069925,0.069837,0.069911,90.4946,ETH/BTC,binance
0.312,1635723600000,0.069911,0.069963,0.06989,0.069957,112.0411,ETH/BTC,binance
0.313,1635723900000,0.069963,0.069964,0.069856,0.069932,77.5267,ETH/BTC,binance
0.314,1635724200000,0.069936,0.069951,0.069877,0.069949,66.1331,ETH/BTC,binance
0.315,1635724500000,0.06995,0.06999,0.069902,0.069937,132.0178,ETH/BTC,binance
0.316,1635724800000,0.069941,0.070038,0.069863,0.070027,635.2181,ETH/BTC,binance
0.317,1635725100000,0.070028,0.070119,0.070028,0.070119,389.7899,ETH/BTC,binance
0.318,1635725400000,0.070118,0.07016,0.070045,0.070074,345.2779,ETH/BTC,binance
0.319,1635725700000,0.070074,0.07015,0.070046,0.070115,182.979,ETH/BTC,binance
0.32,1635726000000,0.070117,0.070147,0.070069,0.070137,188.4325,ETH/BTC,binance
0.321,1635726300000,0.07014,0.070177,0.070136,0.070163,263.861,ETH/BTC,binance
0.322,1635726600000,0.070161,0.070192,0.070125,0.070146,396.4131,ETH/BTC,binance
0.323,1635726900000,0.070148,0.070151,0.0701,0.07013,246.2882,ETH/BTC,binance
0.324,1635727200000,0.070129,0.070129,0.070033,0.070076,250.2916,ETH/BTC,binance
0.325,1635727500000,0.070074,0.070107,0.070053,0.070087,71.6867,ETH/BTC,binance
0.326,1635727800000,0.070095,0.070175,0.070042,0.070153,91.8609,ETH/BTC,binance
0.327,1635728100000,0.070153,0.0702,0.07011,0.070124,364.9186,ETH/BTC,binance
0.328,1635728400000,0.070126,0.070169,0.070059,0.070117,159.4769,ETH/BTC,binance
0.329,1635728700000,0.070118,0.070121,0.069987,0.070019,397.8511,ETH/BTC,binance
0.33,1635729000000,0.07002,0.070121,0.069928,0.069979,278.5247,ETH/BTC,binance
0.331,1635729300000,0.069986,0.069995,0.069875,0.069937,175.5258,ETH/BTC,binance
0.332,1635729600000,0.069937,0.069956,0.0699,0.069916,107.248,ETH/BTC,binance
0.333,1635729900000,0.069909,0.06997,0.069898,0.069958,159.9316,ETH/BTC,binance
0.334,1635730200000,0.069959,0.070071,0.069913,0.070067,141.5334,ETH/BTC,binance
0.335,1635730500000,0.070067,0.070103,0.070003,0.070017,84.881,ETH/BTC,binance
0.336,1635730800000,0.07001,0.070077,0.06996,0.070024,165.7932,ETH/BTC,binance
0.337,1635731100000,0.070023,0.070066,0.069998,0.070039,130.6124,ETH/BTC,binance
0.338,1635731400000,0.070037,0.070042,0.069995,0.069997,63.9268,ETH/BTC,binance
0.339,1635731700000,0.070002,0.070098,0.069975,0.070056,198.2137,ETH/BTC,binance
0.34,1635732000000,0.070066,0.070177,0.070066,0.070162,120.9032,ETH/BTC,binance
0.341,1635732300000,0.070163,0.070163,0.070071,0.070138,80.6587,ETH/BTC,binance
0.342,1635732600000,0.070138,0.070204,0.070118,0.070174,107.3787,ETH/BTC,binance
0.343,1635732900000,0.070173,0.07075,0.070169,0.070433,927.0826,ETH/BTC,binance
0.344,1635733200000,0.070433,0.070501,0.070078,0.070102,953.8196,ETH/BTC,binance
0.345,1635733500000,0.070101,0.070208,0.070014,0.070014,497.4266,ETH/BTC,binance
0.346,1635733800000,0.070015,0.070029,0.069794,0.07001,818.1389,ETH/BTC,binance
0.347,1635734100000,0.070009,0.070037,0.069902,0.070037,165.8509,ETH/BTC,binance
0.348,1635734400000,0.070035,0.07009,0.069943,0.07009,179.273,ETH/BTC,binance
0.349,1635734700000,0.070091,0.070178,0.070036,0.07006,165.5569,ETH/BTC,binance
0.35,1635735000000,0.070066,0.070144,0.070019,0.070053,145.6088,ETH/BTC,binance
0.351,1635735300000,0.070057,0.070082,0.069964,0.06997,157.3932,ETH/BTC,binance
0.352,1635735600000,0.069964,0.069966,0.0699,0.069948,158.8692,ETH/BTC,binance
0.353,1635735900000,0.069958,0.070005,0.06993,0.069999,177.4517,ETH/BTC,binance
0.354,1635736200000,0.069997,0.070072,0.069925,0.070034,207.1982,ETH/BTC,binance
0.355,1635736500000,0.070012,0.070038,0.069952,0.070001,146.6621,ETH/BTC,binance
0.356,1635736800000,0.070001,0.07001,0.069939,0.069972,110.8617,ETH/BTC,binance
0.357,1635737100000,0.069972,0.069972,0.069841,0.069866,174.4765,ETH/BTC,binance
0.358,1635737400000,0.069865,0.069968,0.06983,0.069928,100.4296,ETH/BTC,binance
0.359,1635737700000,0.069922,0.070021,0.069922,0.070014,88.1936,ETH/BTC,binance
0.36,1635738000000,0.070012,0.070046,0.069965,0.07,120.8154,ETH/BTC,binance
0.361,1635738300000,0.070004,0.070027,0.069893,0.06992,153.5616,ETH/BTC,binance
0.362,1635738600000,0.06992,0.06996,0.069826,0.069836,379.2418,ETH/BTC,binance
0.363,1635738900000,0.069836,0.069952,0.069776,0.069946,366.3619,ETH/BTC,binance
0.364,1635739200000,0.069936,0.06994,0.069659,0.069689,650.7827,ETH/BTC,binance
0.365,1635739500000,0.069702,0.069723,0.069637,0.069641,260.796,ETH/BTC,binance
0.366,1635739800000,0.069659,0.069807,0.069585,0.069659,613.2836,ETH/BTC,binance
0.367,1635740100000,0.069658,0.069775,0.069608,0.069755,144.5667,ETH/BTC,binance
0.368,1635740400000,0.069767,0.06983,0.069748,0.069825,129.7444,ETH/BTC,binance
0.369,1635740700000,0.069826,0.069838,0.069774,0.069817,121.7511,ETH/BTC,binance
0.37,1635741000000,0.069818,0.06995,0.069816,0.069906,310.5685,ETH/BTC,binance
0.371,1635741300000,0.069901,0.069929,0.069809,0.06985,398.3594,ETH/BTC,binance
0.372,1635741600000,0.06985,0.069966,0.06985,0.069948,220.0405,ETH/BTC,binance
0.373,1635741900000,0.069948,0.06998,0.069838,0.069866,272.6012,ETH/BTC,binance
0.374,1635742200000,0.069866,0.069929,0.069838,0.069878,175.8731,ETH/BTC,binance
0.375,1635742500000,0.069877,0.069946,0.06986,0.069868,140.1526,ETH/BTC,binance
0.376,1635742800000,0.069867,0.069986,0.06986,0.069923,199.572,ETH/BTC,binance
0.377,1635743100000,0.069922,0.069963,0.069906,0.069936,88.9152,ETH/BTC,binance
0.378,1635743400000,0.069935,0.069936,0.069676,0.069747,272.7263,ETH/BTC,binance
0.379,1635743700000,0.069748,0.069896,0.069748,0.069896,78.5102,ETH/BTC,binance
0.38,1635744000000,0.069893,0.0699,0.06976,0.069875,130.1036,ETH/BTC,binance
0.381,1635744300000,0.069872,0.069884,0.06982,0.06988,113.5587,ETH/BTC,binance
0.382,1635744600000,0.06988,0.069951,0.06988,0.069946,89.7657,ETH/BTC,binance
0.383,1635744900000,0.069951,0.069982,0.069924,0.06995,124.7982,ETH/BTC,binance
0.384,1635745200000,0.06995,0.069999,0.069923,0.069983,137.9814,ETH/BTC,binance
0.385,1635745500000,0.069982,0.070013,0.06994,0.069958,166.4029,ETH/BTC,binance
0.386,1635745800000,0.069969,0.069988,0.069594,0.06974,1279.6691,ETH/BTC,binance
0.387,1635746100000,0.069741,0.069747,0.0696,0.069699,279.0783,ETH/BTC,binance
0.388,1635746400000,0.06969,0.069739,0.069633,0.069697,117.6392,ETH/BTC,binance
0.389,1635746700000,0.069701,0.069744,0.069649,0.069662,136.5599,ETH/BTC,binance
0.39,1635747000000,0.069661,0.069694,0.069605,0.069688,154.5457,ETH/BTC,binance
0.391,1635747300000,0.069687,0.069743,0.069623,0.069701,223.1749,ETH/BTC,binance
0.392,1635747600000,0.069709,0.069829,0.069612,0.069817,116.809,ETH/BTC,binance
0.393,1635747900000,0.069828,0.069833,0.069745,0.069824,139.1967,ETH/BTC,binance
0.394,1635748200000,0.069822,0.069853,0.069791,0.069824,113.3112,ETH/BTC,binance
0.395,1635748500000,0.069824,0.069824,0.069699,0.069772,146.9131,ETH/BTC,binance
0.396,1635748800000,0.06977,0.0699,0.069747,0.069817,329.9003,ETH/BTC,binance
0.397,1635749100000,0.069819,0.069826,0.069746,0.069767,115.0433,ETH/BTC,binance
0.398,1635749400000,0.069768,0.069796,0.069732,0.069796,106.5808,ETH/BTC,binance
0.399,1635749700000,0.069801,0.069836,0.069751,0.069832,59.1762,ETH/BTC,binance
0.4,1635750000000,0.069835,0.069894,0.069662,0.069832,582.6643,ETH/BTC,binance
0.401,1635750300000,0.069829,0.06984,0.069636,0.069639,366.0314,ETH/BTC,binance
0.402,1635750600000,0.06964,0.069669,0.069401,0.069424,725.9751,ETH/BTC,binance
0.403,1635750900000,0.069425,0.069508,0.069347,0.069427,464.9971,ETH/BTC,binance
0.404,1635751200000,0.069428,0.069468,0.069371,0.069391,429.4382,ETH/BTC,binance
0.405,1635751500000,0.069392,0.069402,0.069173,0.069257,344.5783,ETH/BTC,binance
0.406,1635751800000,0.069258,0.069344,0.069202,0.069269,205.7608,ETH/BTC,binance
0.407,1635752100000,0.069268,0.06929,0.069169,0.069217,220.2419,ETH/BTC,binance
0.408,1635752400000,0.069216,0.069308,0.069179,0.069305,127.5451,ETH/BTC,binance
0.409,1635752700000,0.069312,0.069318,0.069188,0.06927,223.7049,ETH/BTC,binance
0.41,1635753000000,0.06927,0.069273,0.069133,0.069255,157.6623,ETH/BTC,binance
0.411,1635753300000,0.069255,0.069264,0.06917,0.069205,155.3355,ETH/BTC,binance
0.412,1635753600000,0.069206,0.069293,0.069168,0.069179,306.6939,ETH/BTC,binance
0.413,1635753900000,0.069201,0.069442,0.069145,0.069442,255.7593,ETH/BTC,binance
0.414,1635754200000,0.069441,0.069534,0.069385,0.069472,244.091,ETH/BTC,binance
0.415,1635754500000,0.069472,0.069538,0.069439,0.069463,99.336,ETH/BTC,binance
0.416,1635754800000,0.069464,0.069709,0.069464,0.069703,508.2474,ETH/BTC,binance
0.417,1635755100000,0.069706,0.069754,0.069613,0.069655,295.571,ETH/BTC,binance
0.418,1635755400000,0.06966,0.06968,0.069546,0.069596,400.6273,ETH/BTC,binance
0.419,1635755700000,0.069596,0.069602,0.069517,0.06953,152.7631,ETH/BTC,binance
0.42,1635756000000,0.069533,0.069686,0.069519,0.069641,218.6744,ETH/BTC,binance
0.421,1635756300000,0.069635,0.0697,0.069544,0.069633,205.5293,ETH/BTC,binance
0.422,1635756600000,0.069627,0.06967,0.0696,0.06967,109.8101,ETH/BTC,binance
0.423,1635756900000,0.069666,0.069715,0.069586,0.069634,136.7068,ETH/BTC,binance
0.424,1635757200000,0.069635,0.069761,0.069635,0.069761,338.9733,ETH/BTC,binance
0.425,1635757500000,0.06976,0.069773,0.069713,0.069743,224.6398,ETH/BTC,binance
0.426,1635757800000,0.069741,0.069788,0.069729,0.069735,105.1417,ETH/BTC,binance
0.427,1635758100000,0.069736,0.069947,0.069714,0.069789,3836.72,ETH/BTC,binance
0.428,1635758400000,0.069797,0.069822,0.069748,0.069762,112.2963,ETH/BTC,binance
0.429,1635758700000,0.069763,0.069765,0.069682,0.069688,214.6987,ETH/BTC,binance
0.43,1635759000000,0.069689,0.069823,0.069688,0.069813,277.065,ETH/BTC,binance
0.431,1635759300000,0.069818,0.069818,0.06971,0.069756,166.8637,ETH/BTC,binance
0.432,1635759600000,0.069757,0.069778,0.069661,0.069678,172.3403,ETH/BTC,binance
0.433,1635759900000,0.069675,0.069681,0.069632,0.069639,162.1523,ETH/BTC,binance
0.434,1635760200000,0.069642,0.069781,0.069642,0.069706,161.8736,ETH/BTC,binance
0.435,1635760500000,0.069706,0.069719,0.069675,0.06968,106.3601,ETH/BTC,binance
0.436,1635760800000,0.069678,0.069739,0.069678,0.069722,126.685,ETH/BTC,binance
0.437,1635761100000,0.069728,0.069779,0.069722,0.06975,75.911,ETH/BTC,binance
0.438,1635761400000,0.06975,0.069805,0.069729,0.069797,95.1161,ETH/BTC,binance
0.439,1635761700000,0.069797,0.069815,0.069705,0.069711,156.3878,ETH/BTC,binance
0.44,1635762000000,0.069709,0.06974,0.069682,0.069713,164.5009,ETH/BTC,binance
0.441,1635762300000,0.069709,0.069732,0.069655,0.069667,151.6948,ETH/BTC,binance
0.442,1635762600000,0.069665,0.069842,0.06964,0.069777,292.7439,ETH/BTC,binance
0.443,1635762900000,0.069777,0.069804,0.0697,0.069716,102.7661,ETH/BTC,binance
0.444,1635763200000,0.069717,0.069786,0.069689,0.069743,94.2127,ETH/BTC,binance
0.445,1635763500000,0.069742,0.069748,0.069619,0.069619,194.6584,ETH/BTC,binance
0.446,1635763800000,0.069618,0.069627,0.069554,0.069556,154.7688,ETH/BTC,binance
0.447,1635764100000,0.069556,0.069593,0.069536,0.069536,153.4585,ETH/BTC,binance
0.448,1635764400000,0.069537,0.069681,0.069535,0.069602,289.5415,ETH/BTC,binance
0.449,1635764700000,0.069603,0.069874,0.069574,0.069824,481.4508,ETH/BTC,binance
0.45,1635765000000,0.069823,0.069838,0.06975,0.069764,340.5934,ETH/BTC,binance
0.451,1635765300000,0.069766,0.070001,0.069754,0.069912,2042.7298,ETH/BTC,binance
0.452,1635765600000,0.069912,0.069913,0.069845,0.069903,236.0827,ETH/BTC,binance
0.453,1635765900000,0.069898,0.070071,0.069894,0.070071,492.1991,ETH/BTC,binance
0.454,1635766200000,0.070071,0.070091,0.069929,0.069949,368.5215,ETH/BTC,binance
0.455,1635766500000,0.069949,0.069953,0.069875,0.069901,219.1867,ETH/BTC,binance
0.456,1635766800000,0.069906,0.069968,0.069777,0.069871,412.7096,ETH/BTC,binance
0.457,1635767100000,0.069863,0.069906,0.069766,0.069791,128.5188,ETH/BTC,binance
0.458,1635767400000,0.069792,0.069832,0.069741,0.069741,221.7131,ETH/BTC,binance
0.459,1635767700000,0.06974,0.069811,0.069728,0.069805,151.6596,ETH/BTC,binance
0.46,1635768000000,0.069812,0.070068,0.069812,0.07006,420.6114,ETH/BTC,binance
0.461,1635768300000,0.070064,0.070183,0.070004,0.070178,441.2832,ETH/BTC,binance
0.462,1635768600000,0.07018,0.070364,0.070127,0.070299,1008.9843,ETH/BTC,binance
0.463,1635768900000,0.070291,0.070403,0.070254,0.070335,520.0882,ETH/BTC,binance
0.464,1635769200000,0.070336,0.07039,0.070244,0.070322,311.2396,ETH/BTC,binance
0.465,1635769500000,0.070322,0.070388,0.07021,0.070215,253.915,ETH/BTC,binance
0.466,1635769800000,0.070215,0.070347,0.070174,0.070332,294.8182,ETH/BTC,binance
0.467,1635770100000,0.070348,0.070379,0.070253,0.070344,368.5272,ETH/BTC,binance
0.468,1635770400000,0.070338,0.070392,0.070308,0.070334,163.292,ETH/BTC,binance
0.469,1635770700000,0.07033,0.070483,0.07033,0.070455,466.482,ETH/BTC,binance
0.47,1635771000000,0.070456,0.07047,0.070266,0.070267,415.8566,ETH/BTC,binance
0.471,1635771300000,0.070267,0.070318,0.070241,0.070267,388.4275,ETH/BTC,binance
0.472,1635771600000,0.070271,0.070328,0.070224,0.070255,135.6532,ETH/BTC,binance
0.473,1635771900000,0.070265,0.070314,0.07021,0.070314,103.5091,ETH/BTC,binance
0.474,1635772200000,0.070314,0.070395,0.070246,0.070395,162.5389,ETH/BTC,binance
0.475,1635772500000,0.070394,0.070432,0.070355,0.070405,205.6489,ETH/BTC,binance
0.476,1635772800000,0.070406,0.070446,0.070334,0.070353,239.2593,ETH/BTC,binance
0.477,1635773100000,0.070353,0.070361,0.070319,0.070349,93.3312,ETH/BTC,binance
0.478,1635773400000,0.070345,0.070476,0.070323,0.070368,251.4584,ETH/BTC,binance
0.479,1635773700000,0.07037,0.070416,0.0703,0.070323,254.7156,ETH/BTC,binance
0.48,1635774000000,0.070326,0.070375,0.070304,0.070375,182.6466,ETH/BTC,binance
0.481,1635774300000,0.070385,0.0705,0.070375,0.070457,317.5246,ETH/BTC,binance
0.482,1635774600000,0.070458,0.070584,0.070441,0.070584,450.3213,ETH/BTC,binance
0.483,1635774900000,0.070579,0.070631,0.070479,0.07063,706.2802,ETH/BTC,binance
0.484,1635775200000,0.07063,0.070663,0.07044,0.070517,730.6333,ETH/BTC,binance
0.485,1635775500000,0.070517,0.070539,0.070399,0.070427,180.9626,ETH/BTC,binance
0.486,1635775800000,0.070427,0.070506,0.0704,0.070402,103.5332,ETH/BTC,binance
0.487,1635776100000,0.070405,0.07053,0.070401,0.070506,143.0775,ETH/BTC,binance
0.488,1635776400000,0.070517,0.070582,0.070491,0.070543,218.1927,ETH/BTC,binance
0.489,1635776700000,0.07055,0.070643,0.070486,0.070629,327.7971,ETH/BTC,binance
0.49,1635777000000,0.070629,0.070637,0.070501,0.070546,295.6295,ETH/BTC,binance
0.491,1635777300000,0.070542,0.070542,0.07045,0.070456,398.1057,ETH/BTC,binance
0.492,1635777600000,0.070456,0.070477,0.07038,0.070423,610.3854,ETH/BTC,binance
0.493,1635777900000,0.070423,0.070485,0.070359,0.070462,322.0861,ETH/BTC,binance
0.494,1635778200000,0.070462,0.070485,0.070372,0.070429,399.1166,ETH/BTC,binance
0.495,1635778500000,0.070438,0.070527,0.070307,0.070462,620.9333,ETH/BTC,binance
0.496,1635778800000,0.070461,0.070508,0.070446,0.070472,144.2213,ETH/BTC,binance
0.497,1635779100000,0.07047,0.0705,0.070422,0.070428,109.2609,ETH/BTC,binance
0.498,1635779400000,0.070425,0.070527,0.070424,0.070509,195.7445,ETH/BTC,binance
0.499,1635779700000,0.070512,0.070596,0.070496,0.070596,191.436,ETH/BTC,binance
0.5,1635780000000,0.070596,0.070656,0.070584,0.070614,349.0129,ETH/BTC,binance
0.501,1635780300000,0.070613,0.070678,0.070585,0.070653,198.1869,ETH/BTC,binance
0.502,1635780600000,0.070657,0.07071,0.070641,0.070673,232.4938,ETH/BTC,binance
0.503,1635780900000,0.070678,0.070699,0.07064,0.070695,91.9439,ETH/BTC,binance
0.504,1635781200000,0.070694,0.070729,0.070688,0.070705,153.3281,ETH/BTC,binance
0.505,1635781500000,0.070706,0.070712,0.070545,0.070548,174.6254,ETH/BTC,binance
0.506,1635781800000,0.070552,0.070553,0.070501,0.070545,118.0428,ETH/BTC,binance
0.507,1635782100000,0.070546,0.07066,0.07054,0.07066,245.3925,ETH/BTC,binance
0.508,1635782400000,0.070666,0.070752,0.070523,0.070675,337.75,ETH/BTC,binance
0.509,1635782700000,0.070674,0.070694,0.070608,0.07064,145.5927,ETH/BTC,binance
0.51,1635783000000,0.07064,0.070664,0.070599,0.070632,161.9462,ETH/BTC,binance
0.511,1635783300000,0.070628,0.070724,0.070625,0.070684,155.3826,ETH/BTC,binance
0.512,1635783600000,0.070684,0.070878,0.070673,0.070765,560.365,ETH/BTC,binance
0.513,1635783900000,0.070764,0.07078,0.070726,0.070754,140.4446,ETH/BTC,binance
0.514,1635784200000,0.070745,0.070872,0.0707,0.07071,418.9706,ETH/BTC,binance
0.515,1635784500000,0.070708,0.070831,0.070671,0.070692,264.658,ETH/BTC,binance
0.516,1635784800000,0.070692,0.070797,0.070688,0.070738,166.5061,ETH/BTC,binance
0.517,1635785100000,0.070732,0.070733,0.070439,0.070518,471.089,ETH/BTC,binance
0.518,1635785400000,0.070521,0.070598,0.070371,0.070548,278.3785,ETH/BTC,binance
0.519,1635785700000,0.070552,0.070572,0.070368,0.070384,290.2243,ETH/BTC,binance
0.52,1635786000000,0.070386,0.070502,0.070371,0.070473,342.348,ETH/BTC,binance
0.521,1635786300000,0.07046,0.070506,0.070368,0.070432,304.5861,ETH/BTC,binance
0.522,1635786600000,0.070433,0.070446,0.070304,0.070322,366.8472,ETH/BTC,binance
0.523,1635786900000,0.070319,0.0704,0.070304,0.070364,289.2982,ETH/BTC,binance
0.524,1635787200000,0.070355,0.070414,0.070345,0.070379,212.0362,ETH/BTC,binance
0.525,1635787500000,0.070379,0.070433,0.070362,0.070377,92.9366,ETH/BTC,binance
0.526,1635787800000,0.070365,0.070425,0.070324,0.070324,145.8631,ETH/BTC,binance
0.527,1635788100000,0.070324,0.070498,0.070319,0.070462,177.4186,ETH/BTC,binance
0.528,1635788400000,0.07047,0.070494,0.070434,0.070493,97.0635,ETH/BTC,binance
0.529,1635788700000,0.070488,0.070538,0.070448,0.070505,117.5115,ETH/BTC,binance
0.53,1635789000000,0.070506,0.070551,0.070483,0.070487,119.0647,ETH/BTC,binance
0.531,1635789300000,0.070483,0.07053,0.07048,0.070514,209.6036,ETH/BTC,binance
0.532,1635789600000,0.070506,0.070517,0.070432,0.070435,177.0057,ETH/BTC,binance
0.533,1635789900000,0.070438,0.070521,0.070438,0.070476,228.2289,ETH/BTC,binance
0.534,1635790200000,0.070476,0.070566,0.07046,0.070562,631.0694,ETH/BTC,binance
0.535,1635790500000,0.070566,0.07062,0.070565,0.070608,254.049,ETH/BTC,binance
0.536,1635790800000,0.070612,0.070651,0.070602,0.070619,89.0231,ETH/BTC,binance
0.537,1635791100000,0.07062,0.070689,0.070615,0.070677,104.7381,ETH/BTC,binance
0.538,1635791400000,0.07067,0.070711,0.070625,0.070631,173.3335,ETH/BTC,binance
0.539,1635791700000,0.070629,0.070737,0.070623,0.070721,113.5565,ETH/BTC,binance
0.54,1635792000000,0.070721,0.07081,0.070714,0.07081,180.535,ETH/BTC,binance
0.541,1635792300000,0.070809,0.07094,0.070806,0.070936,578.098,ETH/BTC,binance
0.542,1635792600000,0.070934,0.070986,0.070912,0.070942,342.4834,ETH/BTC,binance
0.543,1635792900000,0.070956,0.070959,0.07088,0.070944,200.8252,ETH/BTC,binance
0.544,1635793200000,0.070943,0.070979,0.070791,0.070847,533.7257,ETH/BTC,binance
0.545,1635793500000,0.070842,0.070999,0.070796,0.070987,489.0761,ETH/BTC,binance
0.546,1635793800000,0.070987,0.071045,0.070964,0.071042,424.5557,ETH/BTC,binance
0.547,1635794100000,0.071035,0.071075,0.070995,0.071059,193.1659,ETH/BTC,binance
0.548,1635794400000,0.071066,0.071132,0.071017,0.071131,203.2351,ETH/BTC,binance
0.549,1635794700000,0.071132,0.07119,0.071051,0.071054,441.4531,ETH/BTC,binance
0.55,1635795000000,0.071055,0.071126,0.071055,0.071112,138.9449,ETH/BTC,binance
0.551,1635795300000,0.071124,0.07117,0.071097,0.071104,134.4681,ETH/BTC,binance
0.552,1635795600000,0.071104,0.071197,0.071081,0.071127,245.7271,ETH/BTC,binance
0.553,1635795900000,0.071128,0.0712,0.071099,0.071191,157.3241,ETH/BTC,binance
0.554,1635796200000,0.071194,0.071194,0.071104,0.071135,387.9251,ETH/BTC,binance
0.555,1635796500000,0.071125,0.071125,0.070913,0.071035,355.5402,ETH/BTC,binance
0.556,1635796800000,0.071035,0.0711,0.070858,0.071073,418.5162,ETH/BTC,binance
0.557,1635797100000,0.071088,0.07119,0.071047,0.071156,206.4404,ETH/BTC,binance
0.558,1635797400000,0.071158,0.0714,0.07115,0.07123,593.4371,ETH/BTC,binance
0.559,1635797700000,0.07123,0.071323,0.071199,0.071234,523.036,ETH/BTC,binance
0.56,1635798000000,0.071231,0.071348,0.071205,0.07122,617.6247,ETH/BTC,binance
0.561,1635798300000,0.071217,0.071249,0.071065,0.071071,282.3481,ETH/BTC,binance
0.562,1635798600000,0.071071,0.071276,0.071071,0.071256,318.426,ETH/BTC,binance
0.563,1635798900000,0.071256,0.071314,0.07122,0.07131,164.5869,ETH/BTC,binance
0.564,1635799200000,0.071312,0.071316,0.071259,0.071297,214.5245,ETH/BTC,binance
0.565,1635799500000,0.071291,0.071291,0.071107,0.071115,172.1086,ETH/BTC,binance
0.566,1635799800000,0.071116,0.071144,0.070938,0.070956,264.1153,ETH/BTC,binance
0.567,1635800100000,0.070956,0.0711,0.070936,0.071015,528.3197,ETH/BTC,binance
0.568,1635800400000,0.071022,0.071052,0.070915,0.070936,171.2239,ETH/BTC,binance
0.569,1635800700000,0.070936,0.070981,0.070865,0.07094,293.6205,ETH/BTC,binance
0.57,1635801000000,0.07094,0.070949,0.070861,0.070889,216.9993,ETH/BTC,binance
0.571,1635801300000,0.07089,0.070911,0.070771,0.070837,273.5355,ETH/BTC,binance
0.572,1635801600000,0.070836,0.070875,0.070774,0.070779,137.8471,ETH/BTC,binance
0.573,1635801900000,0.07079,0.070847,0.070747,0.070747,213.8094,ETH/BTC,binance
0.574,1635802200000,0.070748,0.070776,0.070587,0.070593,180.3192,ETH/BTC,binance
0.575,1635802500000,0.070593,0.070839,0.070572,0.07083,132.2039,ETH/BTC,binance
0.576,1635802800000,0.07083,0.070869,0.070794,0.070799,73.0872,ETH/BTC,binance
0.577,1635803100000,0.070799,0.070878,0.070648,0.070692,156.9467,ETH/BTC,binance
0.578,1635803400000,0.070689,0.070756,0.070651,0.070707,100.7651,ETH/BTC,binance
0.579,1635803700000,0.070707,0.070767,0.070684,0.070732,93.5397,ETH/BTC,binance
0.58,1635804000000,0.070732,0.070801,0.070707,0.070772,116.0715,ETH/BTC,binance
0.581,1635804300000,0.070777,0.070846,0.070761,0.0708,108.4602,ETH/BTC,binance
0.582,1635804600000,0.070803,0.070937,0.070802,0.07089,196.4647,ETH/BTC,binance
0.583,1635804900000,0.07089,0.070923,0.070804,0.07086,207.0271,ETH/BTC,binance
0.584,1635805200000,0.070858,0.070866,0.070758,0.070798,93.9464,ETH/BTC,binance
0.585,1635805500000,0.070798,0.070856,0.070791,0.070808,87.8346,ETH/BTC,binance
0.586,1635805800000,0.070809,0.070877,0.07079,0.070814,69.0108,ETH/BTC,binance
0.587,1635806100000,0.070814,0.070852,0.070802,0.070824,72.0114,ETH/BTC,binance
0.588,1635806400000,0.070828,0.070921,0.070801,0.070893,144.733,ETH/BTC,binance
0.589,1635806700000,0.07089,0.070891,0.070723,0.070723,156.0963,ETH/BTC,binance
0.59,1635807000000,0.070722,0.070724,0.070633,0.070636,125.4107,ETH/BTC,binance
0.591,1635807300000,0.070636,0.070636,0.070467,0.070494,227.4373,ETH/BTC,binance
0.592,1635807600000,0.070492,0.070664,0.070467,0.070643,182.9948,ETH/BTC,binance
0.593,1635807900000,0.070648,0.070688,0.070616,0.070683,102.3452,ETH/BTC,binance
0.594,1635808200000,0.070689,0.070733,0.070675,0.070714,82.7365,ETH/BTC,binance
0.595,1635808500000,0.070711,0.070789,0.070709,0.070789,75.889,ETH/BTC,binance
0.596,1635808800000,0.070789,0.07085,0.070731,0.070733,96.568,ETH/BTC,binance
0.597,1635809100000,0.070737,0.070824,0.070709,0.070729,146.6339,ETH/BTC,binance
0.598,1635809400000,0.070735,0.070741,0.070675,0.070698,141.8636,ETH/BTC,binance
0.599,1635809700000,0.07069,0.070697,0.070626,0.070668,300.378,ETH/BTC,binance
0.6,1635810000000,0.070674,0.070787,0.070651,0.070769,194.3907,ETH/BTC,binance
0.601,1635810300000,0.070765,0.070907,0.070764,0.070907,116.7467,ETH/BTC,binance
0.602,1635810600000,0.070908,0.070955,0.070872,0.070923,166.0855,ETH/BTC,binance
0.603,1635810900000,0.07093,0.070948,0.070874,0.070922,108.4325,ETH/BTC,binance
0.604,1635811200000,0.070922,0.070981,0.070844,0.070968,452.1273,ETH/BTC,binance
0.605,1635811500000,0.070967,0.070967,0.070895,0.070934,174.6507,ETH/BTC,binance
0.606,1635811800000,0.070934,0.07101,0.070844,0.070942,205.0135,ETH/BTC,binance
0.607,1635812100000,0.070942,0.070945,0.070789,0.070832,370.3553,ETH/BTC,binance
0.608,1635812400000,0.070831,0.070897,0.070778,0.070799,131.3432,ETH/BTC,binance
0.609,1635812700000,0.0708,0.070851,0.070741,0.070756,153.103,ETH/BTC,binance
0.61,1635813000000,0.070756,0.07088,0.070734,0.070866,301.6505,ETH/BTC,binance
0.611,1635813300000,0.070865,0.070866,0.07065,0.070652,309.5595,ETH/BTC,binance
0.612,1635813600000,0.070658,0.070703,0.070609,0.070681,205.1228,ETH/BTC,binance
0.613,1635813900000,0.070682,0.070781,0.070658,0.070752,248.4852,ETH/BTC,binance
0.614,1635814200000,0.070753,0.070759,0.07063,0.070731,226.5815,ETH/BTC,binance
0.615,1635814500000,0.070724,0.070767,0.070701,0.070733,155.4718,ETH/BTC,binance
0.616,1635814800000,0.070734,0.070807,0.070734,0.070777,833.5364,ETH/BTC,binance
0.617,1635815100000,0.070777,0.070799,0.070733,0.070771,305.4582,ETH/BTC,binance
0.618,1635815400000,0.070778,0.070814,0.070771,0.070814,75.8893,ETH/BTC,binance
0.619,1635815700000,0.070812,0.070818,0.070669,0.070709,205.7481,ETH/BTC,binance
0.62,1635816000000,0.070706,0.070711,0.07053,0.070559,470.6418,ETH/BTC,binance
0.621,1635816300000,0.070561,0.0707,0.070558,0.070591,373.0341,ETH/BTC,binance
0.622,1635816600000,0.070591,0.070724,0.070591,0.07071,184.7987,ETH/BTC,binance
0.623,1635816900000,0.070709,0.070722,0.070554,0.070566,130.328,ETH/BTC,binance
0.624,1635817200000,0.070558,0.070563,0.0705,0.070512,165.2829,ETH/BTC,binance
0.625,1635817500000,0.070512,0.070568,0.070477,0.070521,231.8653,ETH/BTC,binance
0.626,1635817800000,0.07052,0.070524,0.070433,0.070473,279.6781,ETH/BTC,binance
0.627,1635818100000,0.070478,0.070511,0.070423,0.070457,222.3535,ETH/BTC,binance
0.628,1635818400000,0.070459,0.07057,0.070459,0.070567,119.9421,ETH/BTC,binance
0.629,1635818700000,0.070572,0.070619,0.070571,0.070599,118.7676,ETH/BTC,binance
0.63,1635819000000,0.070597,0.070614,0.070532,0.070535,141.4025,ETH/BTC,binance
0.631,1635819300000,0.070538,0.070576,0.070527,0.07056,138.3764,ETH/BTC,binance
0.632,1635819600000,0.070564,0.070633,0.070512,0.07053,204.9628,ETH/BTC,binance
0.633,1635819900000,0.070532,0.07063,0.0705,0.070625,104.3279,ETH/BTC,binance
0.634,1635820200000,0.070621,0.070626,0.070534,0.070581,61.0573,ETH/BTC,binance
0.635,1635820500000,0.070578,0.070667,0.070543,0.070667,110.4306,ETH/BTC,binance
0.636,1635820800000,0.070667,0.070696,0.0706,0.070672,300.4003,ETH/BTC,binance
0.637,1635821100000,0.070671,0.07068,0.070641,0.070677,84.3103,ETH/BTC,binance
0.638,1635821400000,0.070677,0.070732,0.070659,0.070705,91.2425,ETH/BTC,binance
0.639,1635821700000,0.070706,0.070743,0.070699,0.070717,75.3998,ETH/BTC,binance
0.64,1635822000000,0.07071,0.070733,0.070691,0.070733,86.0661,ETH/BTC,binance
0.641,1635822300000,0.070733,0.070773,0.070691,0.07075,155.5104,ETH/BTC,binance
0.642,1635822600000,0.070752,0.070801,0.070749,0.070798,163.2035,ETH/BTC,binance
0.643,1635822900000,0.070798,0.070846,0.070751,0.070764,111.2172,ETH/BTC,binance
0.644,1635823200000,0.070765,0.070767,0.070686,0.070688,58.2059,ETH/BTC,binance
0.645,1635823500000,0.070687,0.070699,0.070599,0.070599,98.3515,ETH/BTC,binance
0.646,1635823800000,0.070598,0.070654,0.070597,0.070634,92.1363,ETH/BTC,binance
0.647,1635824100000,0.070634,0.070707,0.070634,0.070694,109.3528,ETH/BTC,binance
0.648,1635824400000,0.070694,0.070718,0.07067,0.070713,47.3976,ETH/BTC,binance
0.649,1635824700000,0.070714,0.070723,0.070631,0.070631,65.4754,ETH/BTC,binance
0.65,1635825000000,0.070631,0.070696,0.070617,0.070688,89.4506,ETH/BTC,binance
0.651,1635825300000,0.070693,0.070748,0.070667,0.070726,87.9032,ETH/BTC,binance
0.652,1635825600000,0.07072,0.070722,0.070665,0.070695,97.2107,ETH/BTC,binance
0.653,1635825900000,0.070696,0.070724,0.070693,0.070707,80.2228,ETH/BTC,binance
0.654,1635826200000,0.070707,0.070775,0.070704,0.070753,101.6091,ETH/BTC,binance
0.655,1635826500000,0.07076,0.070791,0.070727,0.070759,117.9528,ETH/BTC,binance
0.656,1635826800000,0.070758,0.070759,0.07058,0.070677,175.2217,ETH/BTC,binance
0.657,1635827100000,0.070676,0.0708,0.070673,0.070734,242.1004,ETH/BTC,binance
0.658,1635827400000,0.070733,0.070968,0.070717,0.070908,342.5229,ETH/BTC,binance
0.659,1635827700000,0.070903,0.070903,0.070797,0.07081,102.7052,ETH/BTC,binance
0.66,1635828000000,0.070804,0.070852,0.070716,0.070832,149.7523,ETH/BTC,binance
0.661,1635828300000,0.070832,0.070866,0.070775,0.070865,90.8755,ETH/BTC,binance
0.662,1635828600000,0.070866,0.071,0.070845,0.070997,293.4328,ETH/BTC,binance
0.663,1635828900000,0.070988,0.071109,0.070978,0.071037,327.1659,ETH/BTC,binance
0.664,1635829200000,0.071049,0.071115,0.070974,0.070988,286.3143,ETH/BTC,binance
0.665,1635829500000,0.070983,0.070988,0.070888,0.070917,129.1416,ETH/BTC,binance
0.666,1635829800000,0.070918,0.07096,0.070798,0.070828,249.8302,ETH/BTC,binance
0.667,1635830100000,0.070825,0.070856,0.070744,0.070811,228.0775,ETH/BTC,binance
0.668,1635830400000,0.070812,0.070812,0.07073,0.070732,66.22,ETH/BTC,binance
0.669,1635830700000,0.070733,0.070787,0.070696,0.070753,170.3103,ETH/BTC,binance
0.67,1635831000000,0.070745,0.070745,0.070515,0.070541,554.4761,ETH/BTC,binance
0.671,1635831300000,0.070529,0.070602,0.070527,0.070575,67.5756,ETH/BTC,binance
0.672,1635831600000,0.070575,0.070725,0.070557,0.070725,185.4001,ETH/BTC,binance
0.673,1635831900000,0.070727,0.070806,0.070674,0.070777,226.0322,ETH/BTC,binance
0.674,1635832200000,0.070778,0.070806,0.070709,0.070724,100.6538,ETH/BTC,binance
0.675,1635832500000,0.070724,0.070732,0.070659,0.07068,86.2314,ETH/BTC,binance
0.676,1635832800000,0.070675,0.070743,0.070654,0.070735,172.3559,ETH/BTC,binance
0.677,1635833100000,0.070731,0.070752,0.070628,0.070636,113.7001,ETH/BTC,binance
0.678,1635833400000,0.07064,0.070719,0.070619,0.070654,74.6989,ETH/BTC,binance
0.679,1635833700000,0.070647,0.07072,0.070644,0.070711,84.3988,ETH/BTC,binance
0.68,1635834000000,0.070711,0.070796,0.070662,0.070794,78.2652,ETH/BTC,binance
0.681,1635834300000,0.070796,0.070824,0.070749,0.070774,127.1097,ETH/BTC,binance
0.682,1635834600000,0.070771,0.070814,0.070645,0.070804,235.8262,ETH/BTC,binance
0.683,1635834900000,0.070811,0.071021,0.070796,0.070924,522.2562,ETH/BTC,binance
0.684,1635835200000,0.070917,0.070917,0.070822,0.070855,249.7136,ETH/BTC,binance
0.685,1635835500000,0.070851,0.070895,0.070819,0.070868,194.7135,ETH/BTC,binance
0.686,1635835800000,0.070878,0.070927,0.070826,0.070907,155.944,ETH/BTC,binance
0.687,1635836100000,0.070908,0.07091,0.070837,0.070846,100.6496,ETH/BTC,binance
0.688,1635836400000,0.070844,0.070954,0.0708,0.070826,198.3307,ETH/BTC,binance
0.689,1635836700000,0.070823,0.070867,0.07079,0.070798,146.0786,ETH/BTC,binance
0.69,1635837000000,0.070809,0.070827,0.070701,0.07075,135.2046,ETH/BTC,binance
0.691,1635837300000,0.07075,0.07075,0.07061,0.07068,170.8185,ETH/BTC,binance
0.692,1635837600000,0.07068,0.070681,0.070598,0.070604,104.0899,ETH/BTC,binance
0.693,1635837900000,0.0706,0.070653,0.070589,0.070651,64.1697,ETH/BTC,binance
0.694,1635838200000,0.070646,0.07071,0.070596,0.070658,79.0333,ETH/BTC,binance
0.695,1635838500000,0.070661,0.070725,0.070655,0.070717,76.1186,ETH/BTC,binance
0.696,1635838800000,0.070719,0.070805,0.070719,0.070791,139.3054,ETH/BTC,binance
0.697,1635839100000,0.070781,0.070781,0.070601,0.070655,202.0034,ETH/BTC,binance
0.698,1635839400000,0.070662,0.070679,0.070509,0.070509,171.4597,ETH/BTC,binance
0.699,1635839700000,0.07051,0.070569,0.0705,0.070553,185.4352,ETH/BTC,binance
0.7,1635840000000,0.070552,0.070665,0.0705,0.070634,348.1894,ETH/BTC,binance
0.701,1635840300000,0.07063,0.070695,0.07055,0.070649,300.2191,ETH/BTC,binance
0.702,1635840600000,0.070651,0.070721,0.070601,0.070703,469.0706,ETH/BTC,binance
0.703,1635840900000,0.070698,0.070723,0.070647,0.07069,402.9148,ETH/BTC,binance
0.704,1635841200000,0.070689,0.070732,0.070623,0.070718,263.3698,ETH/BTC,binance
0.705,1635841500000,0.070718,0.070786,0.070683,0.070764,99.6823,ETH/BTC,binance
0.706,1635841800000,0.070759,0.070811,0.070759,0.070797,153.5432,ETH/BTC,binance
0.707,1635842100000,0.070797,0.07081,0.070744,0.070757,97.6724,ETH/BTC,binance
0.708,1635842400000,0.070762,0.070772,0.070717,0.070756,75.67,ETH/BTC,binance
0.709,1635842700000,0.070757,0.070789,0.070562,0.0706,155.2071,ETH/BTC,binance
0.71,1635843000000,0.070595,0.07069,0.070591,0.07069,87.0852,ETH/BTC,binance
0.711,1635843300000,0.070695,0.070695,0.070569,0.070655,144.0918,ETH/BTC,binance
0.712,1635843600000,0.070656,0.07067,0.070611,0.070651,115.584,ETH/BTC,binance
0.713,1635843900000,0.070655,0.070674,0.070608,0.070656,123.095,ETH/BTC,binance
0.714,1635844200000,0.070668,0.070672,0.070553,0.070558,111.86,ETH/BTC,binance
0.715,1635844500000,0.070558,0.070641,0.070552,0.070634,166.0354,ETH/BTC,binance
0.716,1635844800000,0.070637,0.07068,0.070599,0.070677,50.262,ETH/BTC,binance
0.717,1635845100000,0.070676,0.070759,0.070657,0.070742,107.7741,ETH/BTC,binance
0.718,1635845400000,0.070734,0.070777,0.070635,0.070703,176.4654,ETH/BTC,binance
0.719,1635845700000,0.070696,0.070699,0.070329,0.070339,809.2413,ETH/BTC,binance
0.72,1635846000000,0.070337,0.070421,0.070107,0.070107,1395.6339,ETH/BTC,binance
0.721,1635846300000,0.070113,0.070207,0.069985,0.070025,971.3034,ETH/BTC,binance
0.722,1635846600000,0.070028,0.070543,0.070022,0.070289,876.5459,ETH/BTC,binance
0.723,1635846900000,0.070285,0.070329,0.070165,0.070181,252.3877,ETH/BTC,binance
0.724,1635847200000,0.070192,0.070262,0.070024,0.070028,599.2069,ETH/BTC,binance
0.725,1635847500000,0.07004,0.070208,0.069991,0.070173,614.4427,ETH/BTC,binance
0.726,1635847800000,0.070169,0.070325,0.070131,0.070273,368.6421,ETH/BTC,binance
0.727,1635848100000,0.07028,0.070364,0.070148,0.070208,315.9829,ETH/BTC,binance
0.728,1635848400000,0.070216,0.070296,0.070078,0.070244,1187.1402,ETH/BTC,binance
0.729,1635848700000,0.070254,0.070602,0.070254,0.070602,628.8689,ETH/BTC,binance
0.73,1635849000000,0.070603,0.070692,0.070445,0.070618,458.6795,ETH/BTC,binance
0.731,1635849300000,0.070617,0.070618,0.070408,0.07046,479.6955,ETH/BTC,binance
0.732,1635849600000,0.070462,0.070578,0.070387,0.070532,595.8026,ETH/BTC,binance
0.733,1635849900000,0.070521,0.070526,0.070373,0.07038,375.9267,ETH/BTC,binance
0.734,1635850200000,0.070387,0.070426,0.070356,0.070384,155.5558,ETH/BTC,binance
0.735,1635850500000,0.07039,0.070417,0.070294,0.070295,282.0154,ETH/BTC,binance
0.736,1635850800000,0.070298,0.070434,0.070264,0.070346,434.6168,ETH/BTC,binance
0.737,1635851100000,0.070347,0.070379,0.070252,0.070285,488.537,ETH/BTC,binance
0.738,1635851400000,0.070285,0.0703,0.070089,0.0703,837.8432,ETH/BTC,binance
0.739,1635851700000,0.0703,0.0703,0.070155,0.070211,651.7296,ETH/BTC,binance
0.74,1635852000000,0.070217,0.070257,0.0702,0.07024,109.6628,ETH/BTC,binance
0.741,1635852300000,0.07024,0.0703,0.070218,0.0703,423.4903,ETH/BTC,binance
0.742,1635852600000,0.0703,0.070376,0.070256,0.070357,427.901,ETH/BTC,binance
0.743,1635852900000,0.070356,0.070379,0.070302,0.070363,201.5159,ETH/BTC,binance
0.744,1635853200000,0.070367,0.070367,0.070277,0.070319,261.6395,ETH/BTC,binance
0.745,1635853500000,0.070319,0.070326,0.070084,0.070146,327.6864,ETH/BTC,binance
0.746,1635853800000,0.070147,0.070217,0.070142,0.0702,265.4482,ETH/BTC,binance
0.747,1635854100000,0.0702,0.070247,0.070126,0.070144,252.7967,ETH/BTC,binance
0.748,1635854400000,0.070143,0.070247,0.070099,0.070243,431.3337,ETH/BTC,binance
0.749,1635854700000,0.070243,0.070256,0.070153,0.070237,225.1186,ETH/BTC,binance
0.75,1635855000000,0.070224,0.070298,0.070193,0.07027,169.2381,ETH/BTC,binance
0.751,1635855300000,0.070265,0.070391,0.070251,0.070362,172.3843,ETH/BTC,binance
0.752,1635855600000,0.070362,0.070387,0.070231,0.07025,181.1064,ETH/BTC,binance
0.753,1635855900000,0.070249,0.070321,0.070184,0.07027,209.8357,ETH/BTC,binance
0.754,1635856200000,0.070269,0.070309,0.070255,0.070263,160.7875,ETH/BTC,binance
0.755,1635856500000,0.070261,0.070287,0.070237,0.070274,164.4227,ETH/BTC,binance
0.756,1635856800000,0.070275,0.07028,0.070231,0.070264,159.6886,ETH/BTC,binance
0.757,1635857100000,0.070259,0.070463,0.07025,0.070435,335.6354,ETH/BTC,binance
0.758,1635857400000,0.070443,0.070475,0.070381,0.070383,155.4314,ETH/BTC,binance
0.759,1635857700000,0.070385,0.070409,0.070337,0.070409,253.3976,ETH/BTC,binance
0.76,1635858000000,0.07041,0.070488,0.07041,0.070483,186.4386,ETH/BTC,binance
0.761,1635858300000,0.07048,0.070638,0.070466,0.070631,258.4688,ETH/BTC,binance
0.762,1635858600000,0.070629,0.070635,0.07055,0.070604,224.6323,ETH/BTC,binance
0.763,1635858900000,0.070607,0.07069,0.070548,0.070598,388.0562,ETH/BTC,binance
0.764,1635859200000,0.070604,0.070672,0.070585,0.070591,227.9328,ETH/BTC,binance
0.765,1635859500000,0.070593,0.070691,0.070593,0.070593,245.1769,ETH/BTC,binance
0.766,1635859800000,0.070594,0.070652,0.070569,0.070587,214.3855,ETH/BTC,binance
0.767,1635860100000,0.070593,0.070632,0.070586,0.070616,173.5893,ETH/BTC,binance
0.768,1635860400000,0.070615,0.070691,0.070593,0.07068,216.8732,ETH/BTC,binance
0.769,1635860700000,0.070683,0.0707,0.070562,0.070612,293.7554,ETH/BTC,binance
0.77,1635861000000,0.070613,0.070676,0.070583,0.070605,279.2077,ETH/BTC,binance
0.771,1635861300000,0.070605,0.070863,0.070456,0.070795,839.1551,ETH/BTC,binance
0.772,1635861600000,0.070796,0.070805,0.070342,0.070515,1093.6166,ETH/BTC,binance
0.773,1635861900000,0.070515,0.070867,0.070502,0.070787,779.7518,ETH/BTC,binance
0.774,1635862200000,0.070779,0.070799,0.070614,0.070649,424.7384,ETH/BTC,binance
0.775,1635862500000,0.070644,0.070744,0.070605,0.070744,376.8011,ETH/BTC,binance
0.776,1635862800000,0.070744,0.070753,0.070597,0.070639,225.1521,ETH/BTC,binance
0.777,1635863100000,0.070631,0.070705,0.070597,0.070628,179.109,ETH/BTC,binance
0.778,1635863400000,0.070621,0.070682,0.070593,0.070609,222.6497,ETH/BTC,binance
0.779,1635863700000,0.070602,0.070668,0.070582,0.070654,164.2495,ETH/BTC,binance
0.78,1635864000000,0.070655,0.070669,0.070582,0.070652,134.4047,ETH/BTC,binance
0.781,1635864300000,0.070654,0.07067,0.070514,0.070532,136.7014,ETH/BTC,binance
0.782,1635864600000,0.070528,0.070616,0.070519,0.070542,202.0707,ETH/BTC,binance
0.783,1635864900000,0.070544,0.070605,0.0705,0.070547,187.3056,ETH/BTC,binance
0.784,1635865200000,0.070546,0.070672,0.070546,0.070651,338.9488,ETH/BTC,binance
0.785,1635865500000,0.070662,0.070868,0.070662,0.070842,740.2831,ETH/BTC,binance
0.786,1635865800000,0.070845,0.070875,0.07079,0.070799,370.8013,ETH/BTC,binance
0.787,1635866100000,0.070803,0.070829,0.070748,0.070748,179.1376,ETH/BTC,binance
0.788,1635866400000,0.070745,0.070891,0.070712,0.070838,394.2494,ETH/BTC,binance
0.789,1635866700000,0.070837,0.07091,0.070776,0.0709,386.182,ETH/BTC,binance
0.79,1635867000000,0.070893,0.070922,0.070687,0.070794,730.2176,ETH/BTC,binance
0.791,1635867300000,0.070801,0.070801,0.070439,0.070439,999.7458,ETH/BTC,binance
0.792,1635867600000,0.070439,0.070564,0.070412,0.070538,440.945,ETH/BTC,binance
0.793,1635867900000,0.070541,0.070565,0.070262,0.070373,1174.1624,ETH/BTC,binance
0.794,1635868200000,0.070376,0.070466,0.07033,0.070427,385.7186,ETH/BTC,binance
0.795,1635868500000,0.070424,0.070493,0.070382,0.070447,423.758,ETH/BTC,binance
0.796,1635868800000,0.070468,0.070577,0.070237,0.070338,950.8562,ETH/BTC,binance
0.797,1635869100000,0.070335,0.07034,0.070178,0.070283,530.8098,ETH/BTC,binance
0.798,1635869400000,0.070284,0.070398,0.070273,0.070398,500.5459,ETH/BTC,binance
0.799,1635869700000,0.070399,0.07052,0.070362,0.070499,237.4139,ETH/BTC,binance
0.8,1635870000000,0.0705,0.070531,0.070449,0.070465,254.2474,ETH/BTC,binance
0.801,1635870300000,0.070466,0.070546,0.070411,0.070546,431.3725,ETH/BTC,binance
0.802,1635870600000,0.070546,0.070547,0.070448,0.0705,275.3974,ETH/BTC,binance
0.803,1635870900000,0.070495,0.070553,0.070445,0.070541,198.5784,ETH/BTC,binance
0.804,1635871200000,0.070542,0.070665,0.070521,0.070659,284.0737,ETH/BTC,binance
0.805,1635871500000,0.070665,0.070755,0.070641,0.070714,359.8794,ETH/BTC,binance
0.806,1635871800000,0.070712,0.07072,0.070629,0.070636,207.095,ETH/BTC,binance
0.807,1635872100000,0.070637,0.070691,0.070609,0.070682,209.1509,ETH/BTC,binance
0.808,1635872400000,0.070687,0.070692,0.070569,0.070598,300.2203,ETH/BTC,binance
0.809,1635872700000,0.070597,0.070643,0.070535,0.070552,260.8617,ETH/BTC,binance
0.81,1635873000000,0.070552,0.070607,0.07053,0.07057,203.7709,ETH/BTC,binance
0.811,1635873300000,0.07057,0.070622,0.070508,0.070522,331.0679,ETH/BTC,binance
0.812,1635873600000,0.07052,0.070632,0.07052,0.070588,190.8359,ETH/BTC,binance
0.813,1635873900000,0.070588,0.070632,0.070563,0.07059,146.5201,ETH/BTC,binance
0.814,1635874200000,0.070589,0.070623,0.070512,0.070551,174.5843,ETH/BTC,binance
0.815,1635874500000,0.070554,0.070588,0.070519,0.070571,175.8731,ETH/BTC,binance
0.816,1635874800000,0.070567,0.070668,0.070525,0.07064,193.8581,ETH/BTC,binance
0.817,1635875100000,0.070639,0.070675,0.070588,0.070614,348.2417,ETH/BTC,binance
0.818,1635875400000,0.070612,0.070652,0.070527,0.070541,160.6004,ETH/BTC,binance
0.819,1635875700000,0.070541,0.070593,0.070521,0.070538,107.3114,ETH/BTC,binance
0.82,1635876000000,0.070538,0.070646,0.070508,0.070641,164.1999,ETH/BTC,binance
0.821,1635876300000,0.070647,0.070692,0.070612,0.070692,109.9039,ETH/BTC,binance
0.822,1635876600000,0.070693,0.070759,0.070692,0.070742,155.8929,ETH/BTC,binance
0.823,1635876900000,0.070743,0.070822,0.070692,0.070822,269.3125,ETH/BTC,binance
0.824,1635877200000,0.070822,0.070969,0.070822,0.070952,270.6153,ETH/BTC,binance
0.825,1635877500000,0.070955,0.07101,0.070926,0.071002,233.3198,ETH/BTC,binance
0.826,1635877800000,0.071004,0.071004,0.070917,0.070954,145.28,ETH/BTC,binance
0.827,1635878100000,0.070952,0.071029,0.070915,0.071024,264.2893,ETH/BTC,binance
0.828,1635878400000,0.071026,0.071071,0.070928,0.070949,393.4827,ETH/BTC,binance
0.829,1635878700000,0.070951,0.071091,0.070944,0.071067,155.2953,ETH/BTC,binance
0.83,1635879000000,0.071067,0.0711,0.071052,0.071082,178.5936,ETH/BTC,binance
0.831,1635879300000,0.071078,0.071099,0.071018,0.071099,208.4714,ETH/BTC,binance
0.832,1635879600000,0.071099,0.071154,0.071016,0.071154,469.8376,ETH/BTC,binance
0.833,1635879900000,0.071153,0.071153,0.071015,0.071123,240.2132,ETH/BTC,binance
0.834,1635880200000,0.071122,0.07113,0.071015,0.071028,183.7639,ETH/BTC,binance
0.835,1635880500000,0.071029,0.071089,0.071019,0.071077,126.3796,ETH/BTC,binance
0.836,1635880800000,0.071078,0.071171,0.071078,0.071166,235.6029,ETH/BTC,binance
0.837,1635881100000,0.071167,0.071248,0.071146,0.071178,448.6593,ETH/BTC,binance
0.838,1635881400000,0.071174,0.07122,0.070953,0.070959,418.9709,ETH/BTC,binance
0.839,1635881700000,0.070969,0.071031,0.070951,0.071026,192.4327,ETH/BTC,binance
0.84,1635882000000,0.071023,0.071118,0.071017,0.071017,219.8687,ETH/BTC,binance
0.841,1635882300000,0.071017,0.071037,0.070935,0.071012,160.5752,ETH/BTC,binance
0.842,1635882600000,0.071012,0.071046,0.070987,0.070998,196.2353,ETH/BTC,binance
0.843,1635882900000,0.070999,0.071002,0.070915,0.070935,161.0205,ETH/BTC,binance
0.844,1635883200000,0.070926,0.071126,0.07092,0.071107,271.2907,ETH/BTC,binance
0.845,1635883500000,0.071106,0.071314,0.071106,0.071314,764.0805,ETH/BTC,binance
0.846,1635883800000,0.071314,0.071596,0.071314,0.071446,1778.9128,ETH/BTC,binance
0.847,1635884100000,0.071447,0.071501,0.071359,0.071498,485.0832,ETH/BTC,binance
0.848,1635884400000,0.071499,0.071585,0.071467,0.071505,487.5193,ETH/BTC,binance
0.849,1635884700000,0.07151,0.07151,0.0714,0.071462,209.8741,ETH/BTC,binance
0.85,1635885000000,0.071462,0.071468,0.071199,0.071199,580.6925,ETH/BTC,binance
0.851,1635885300000,0.071198,0.071317,0.071186,0.071317,359.5685,ETH/BTC,binance
0.852,1635885600000,0.071317,0.071456,0.07126,0.07142,314.7398,ETH/BTC,binance
0.853,1635885900000,0.071413,0.071464,0.071345,0.071411,223.5169,ETH/BTC,binance
0.854,1635886200000,0.071411,0.071425,0.07132,0.071385,530.1108,ETH/BTC,binance
0.855,1635886500000,0.071384,0.071388,0.071293,0.071314,187.6763,ETH/BTC,binance
0.856,1635886800000,0.071314,0.071376,0.071292,0.071344,525.023,ETH/BTC,binance
0.857,1635887100000,0.071351,0.071381,0.07115,0.071199,560.4961,ETH/BTC,binance
0.858,1635887400000,0.071207,0.071355,0.0712,0.07127,145.6873,ETH/BTC,binance
0.859,1635887700000,0.071276,0.071453,0.071257,0.071453,131.7608,ETH/BTC,binance
0.86,1635888000000,0.071453,0.071595,0.071401,0.07158,153.4059,ETH/BTC,binance
0.861,1635888300000,0.07158,0.07165,0.071568,0.07163,229.5911,ETH/BTC,binance
0.862,1635888600000,0.071635,0.071688,0.07162,0.071688,220.1394,ETH/BTC,binance
0.863,1635888900000,0.071688,0.071688,0.07159,0.071594,477.1242,ETH/BTC,binance
0.864,1635889200000,0.07159,0.071606,0.071524,0.071582,105.6248,ETH/BTC,binance
0.865,1635889500000,0.071582,0.071671,0.07158,0.071633,137.8762,ETH/BTC,binance
0.866,1635889800000,0.071635,0.071745,0.071634,0.07174,478.8489,ETH/BTC,binance
0.867,1635890100000,0.07174,0.071901,0.071694,0.07185,680.3293,ETH/BTC,binance
0.868,1635890400000,0.071851,0.072128,0.071757,0.072096,1781.2818,ETH/BTC,binance
0.869,1635890700000,0.072097,0.072204,0.072006,0.072024,636.7751,ETH/BTC,binance
0.87,1635891000000,0.072024,0.07215,0.071957,0.071991,481.2627,ETH/BTC,binance
0.871,1635891300000,0.071992,0.072094,0.071975,0.072088,254.7009,ETH/BTC,binance
0.872,1635891600000,0.072084,0.072189,0.072065,0.072078,537.4483,ETH/BTC,binance
0.873,1635891900000,0.072072,0.072221,0.072035,0.072218,637.0868,ETH/BTC,binance
0.874,1635892200000,0.07221,0.072219,0.072086,0.072107,254.5492,ETH/BTC,binance
0.875,1635892500000,0.072108,0.072219,0.072091,0.072197,300.9897,ETH/BTC,binance
0.876,1635892800000,0.072196,0.072272,0.072163,0.072167,345.1361,ETH/BTC,binance
0.877,1635893100000,0.072172,0.072246,0.072114,0.072114,188.4324,ETH/BTC,binance
0.878,1635893400000,0.072118,0.072177,0.072085,0.072104,280.7545,ETH/BTC,binance
0.879,1635893700000,0.072103,0.072216,0.072094,0.072216,172.0235,ETH/BTC,binance
0.88,1635894000000,0.072211,0.072348,0.072175,0.072347,515.5661,ETH/BTC,binance
0.881,1635894300000,0.072348,0.072581,0.072347,0.072565,909.9401,ETH/BTC,binance
0.882,1635894600000,0.072563,0.072692,0.0725,0.07269,654.2199,ETH/BTC,binance
0.883,1635894900000,0.07269,0.07285,0.072685,0.072836,706.0707,ETH/BTC,binance
0.884,1635895200000,0.072836,0.072928,0.072807,0.072827,1010.0712,ETH/BTC,binance
0.885,1635895500000,0.072825,0.072854,0.072669,0.072706,459.5732,ETH/BTC,binance
0.886,1635895800000,0.072706,0.07288,0.072706,0.072836,334.4908,ETH/BTC,binance
0.887,1635896100000,0.072835,0.072951,0.072794,0.07295,390.0443,ETH/BTC,binance
0.888,1635896400000,0.072951,0.07308,0.072775,0.072789,1208.6117,ETH/BTC,binance
0.889,1635896700000,0.07279,0.072909,0.072785,0.072817,466.3894,ETH/BTC,binance
0.89,1635897000000,0.072815,0.072825,0.072632,0.072644,421.0155,ETH/BTC,binance
0.891,1635897300000,0.072644,0.072669,0.072501,0.072588,237.3224,ETH/BTC,binance
0.892,1635897600000,0.0726,0.072641,0.072484,0.072591,807.1842,ETH/BTC,binance
0.893,1635897900000,0.072602,0.0727,0.072583,0.072605,447.0375,ETH/BTC,binance
0.894,1635898200000,0.072606,0.072623,0.072489,0.072569,390.2257,ETH/BTC,binance
0.895,1635898500000,0.072569,0.072698,0.072569,0.072635,719.8623,ETH/BTC,binance
0.896,1635898800000,0.07263,0.072631,0.072515,0.072555,328.376,ETH/BTC,binance
0.897,1635899100000,0.072555,0.072573,0.07235,0.072406,353.5668,ETH/BTC,binance
0.898,1635899400000,0.072412,0.07256,0.07241,0.072499,165.0307,ETH/BTC,binance
0.899,1635899700000,0.072502,0.072514,0.072407,0.072484,213.441,ETH/BTC,binance
0.9,1635900000000,0.072488,0.072637,0.072409,0.072633,428.8063,ETH/BTC,binance
0.901,1635900300000,0.072632,0.072667,0.072597,0.072661,111.402,ETH/BTC,binance
0.902,1635900600000,0.072658,0.073083,0.072657,0.072998,1347.4533,ETH/BTC,binance
0.903,1635900900000,0.072991,0.073091,0.072888,0.072974,612.7881,ETH/BTC,binance
0.904,1635901200000,0.072971,0.073065,0.072929,0.073027,562.2569,ETH/BTC,binance
0.905,1635901500000,0.073027,0.073216,0.072995,0.073211,833.4937,ETH/BTC,binance
0.906,1635901800000,0.073207,0.073208,0.07309,0.073157,383.3177,ETH/BTC,binance
0.907,1635902100000,0.073158,0.073192,0.073066,0.073077,692.8196,ETH/BTC,binance
0.908,1635902400000,0.073075,0.073128,0.073052,0.073088,261.9514,ETH/BTC,binance
0.909,1635902700000,0.073088,0.073177,0.073,0.073068,655.1376,ETH/BTC,binance
0.91,1635903000000,0.073076,0.073129,0.073008,0.073026,311.393,ETH/BTC,binance
0.911,1635903300000,0.073026,0.073063,0.072966,0.072999,223.1453,ETH/BTC,binance
0.912,1635903600000,0.072998,0.073075,0.072884,0.072911,564.173,ETH/BTC,binance
0.913,1635903900000,0.07291,0.073041,0.0729,0.07304,728.9725,ETH/BTC,binance
0.914,1635904200000,0.07304,0.073053,0.072897,0.072966,363.4081,ETH/BTC,binance
0.915,1635904500000,0.072966,0.073097,0.072943,0.073041,336.2452,ETH/BTC,binance
0.916,1635904800000,0.073038,0.073039,0.072755,0.072847,587.4601,ETH/BTC,binance
0.917,1635905100000,0.072847,0.073244,0.072831,0.07297,1279.1549,ETH/BTC,binance
0.918,1635905400000,0.07297,0.07321,0.072903,0.072903,402.9678,ETH/BTC,binance
0.919,1635905700000,0.072906,0.072936,0.072818,0.072823,173.4988,ETH/BTC,binance
0.92,1635906000000,0.072818,0.072821,0.072737,0.072788,292.4058,ETH/BTC,binance
0.921,1635906300000,0.072789,0.072883,0.07278,0.07278,460.9709,ETH/BTC,binance
0.922,1635906600000,0.07278,0.072833,0.07276,0.072815,163.556,ETH/BTC,binance
0.923,1635906900000,0.072816,0.072862,0.072801,0.072824,188.4888,ETH/BTC,binance
0.924,1635907200000,0.072826,0.072841,0.072751,0.072751,127.5423,ETH/BTC,binance
0.925,1635907500000,0.072751,0.072792,0.072716,0.072788,150.3864,ETH/BTC,binance
0.926,1635907800000,0.072788,0.072811,0.072746,0.072765,128.5615,ETH/BTC,binance
0.927,1635908100000,0.072768,0.072848,0.07275,0.072818,140.9505,ETH/BTC,binance
0.928,1635908400000,0.072817,0.072854,0.072746,0.072764,154.8137,ETH/BTC,binance
0.929,1635908700000,0.072767,0.0728,0.072714,0.072755,121.7739,ETH/BTC,binance
0.93,1635909000000,0.072751,0.072791,0.07274,0.072769,168.058,ETH/BTC,binance
0.931,1635909300000,0.072772,0.072778,0.072695,0.072714,151.3636,ETH/BTC,binance
0.932,1635909600000,0.07271,0.072755,0.072683,0.072735,143.3856,ETH/BTC,binance
0.933,1635909900000,0.072736,0.072778,0.072717,0.072717,143.3218,ETH/BTC,binance
0.934,1635910200000,0.072717,0.072779,0.072712,0.072741,67.9159,ETH/BTC,binance
0.935,1635910500000,0.07274,0.072806,0.072726,0.072739,170.5318,ETH/BTC,binance
0.936,1635910800000,0.072748,0.072752,0.072655,0.072657,231.1621,ETH/BTC,binance
0.937,1635911100000,0.072659,0.072667,0.0726,0.072601,116.2585,ETH/BTC,binance
0.938,1635911400000,0.072601,0.072603,0.072499,0.072558,327.4297,ETH/BTC,binance
0.939,1635911700000,0.072569,0.072644,0.072557,0.072597,85.6529,ETH/BTC,binance
0.94,1635912000000,0.072601,0.072674,0.072567,0.072607,220.9952,ETH/BTC,binance
0.941,1635912300000,0.072611,0.072678,0.072592,0.072653,109.6458,ETH/BTC,binance
0.942,1635912600000,0.072655,0.072655,0.07257,0.072624,125.5901,ETH/BTC,binance
0.943,1635912900000,0.072624,0.072713,0.07258,0.072615,355.7512,ETH/BTC,binance
0.944,1635913200000,0.072624,0.072635,0.072526,0.072552,162.9869,ETH/BTC,binance
0.945,1635913500000,0.072551,0.072558,0.072491,0.072553,125.2865,ETH/BTC,binance
0.946,1635913800000,0.072553,0.072615,0.072537,0.072615,152.8007,ETH/BTC,binance
0.947,1635914100000,0.072616,0.07263,0.072547,0.072555,194.077,ETH/BTC,binance
0.948,1635914400000,0.07255,0.072585,0.072427,0.072431,192.248,ETH/BTC,binance
0.949,1635914700000,0.072441,0.072503,0.072372,0.072372,252.6528,ETH/BTC,binance
0.95,1635915000000,0.072372,0.072424,0.072321,0.072324,246.5384,ETH/BTC,binance
0.951,1635915300000,0.072326,0.072361,0.072284,0.072292,341.7311,ETH/BTC,binance
0.952,1635915600000,0.072292,0.072517,0.072274,0.072432,310.5535,ETH/BTC,binance
0.953,1635915900000,0.072439,0.072557,0.072422,0.072553,152.4057,ETH/BTC,binance
0.954,1635916200000,0.072541,0.072557,0.072395,0.072446,240.3801,ETH/BTC,binance
0.955,1635916500000,0.072452,0.072529,0.072279,0.072325,585.8716,ETH/BTC,binance
0.956,1635916800000,0.072325,0.07236,0.072291,0.072317,175.5782,ETH/BTC,binance
0.957,1635917100000,0.072325,0.072407,0.072324,0.072343,158.04,ETH/BTC,binance
0.958,1635917400000,0.072338,0.072427,0.072322,0.072356,132.4303,ETH/BTC,binance
0.959,1635917700000,0.072356,0.072405,0.072311,0.072365,147.2331,ETH/BTC,binance
0.96,1635918000000,0.072365,0.072383,0.072265,0.072299,142.7922,ETH/BTC,binance
0.961,1635918300000,0.072303,0.072399,0.072286,0.072379,148.8525,ETH/BTC,binance
0.962,1635918600000,0.072379,0.072396,0.07234,0.072368,103.8161,ETH/BTC,binance
0.963,1635918900000,0.072367,0.072394,0.072315,0.072327,90.9588,ETH/BTC,binance
0.964,1635919200000,0.072331,0.072451,0.072327,0.072432,146.5083,ETH/BTC,binance
0.965,1635919500000,0.072414,0.072426,0.072307,0.072308,158.5343,ETH/BTC,binance
0.966,1635919800000,0.072319,0.072389,0.072311,0.072385,114.2574,ETH/BTC,binance
0.967,1635920100000,0.072383,0.07243,0.072363,0.072423,92.316,ETH/BTC,binance
0.968,1635920400000,0.072422,0.072422,0.072361,0.072369,151.531,ETH/BTC,binance
0.969,1635920700000,0.072365,0.072423,0.072351,0.072409,125.2374,ETH/BTC,binance
0.97,1635921000000,0.0724,0.072452,0.072389,0.072416,115.8491,ETH/BTC,binance
0.971,1635921300000,0.072415,0.072431,0.072382,0.072389,117.3629,ETH/BTC,binance
0.972,1635921600000,0.072395,0.07246,0.072352,0.072424,98.7092,ETH/BTC,binance
0.973,1635921900000,0.072428,0.072507,0.072427,0.072502,140.584,ETH/BTC,binance
0.974,1635922200000,0.072502,0.07252,0.07248,0.072512,95.3477,ETH/BTC,binance
0.975,1635922500000,0.072512,0.072561,0.0725,0.072517,128.0948,ETH/BTC,binance
0.976,1635922800000,0.072515,0.072517,0.072467,0.07249,121.6361,ETH/BTC,binance
0.977,1635923100000,0.072492,0.072559,0.072484,0.072526,214.9421,ETH/BTC,binance
0.978,1635923400000,0.072526,0.072569,0.072516,0.072569,263.2839,ETH/BTC,binance
0.979,1635923700000,0.072569,0.07268,0.072523,0.07268,201.5716,ETH/BTC,binance
0.98,1635924000000,0.072679,0.07273,0.072659,0.072703,167.7059,ETH/BTC,binance
0.981,1635924300000,0.072702,0.072872,0.072691,0.072758,331.1358,ETH/BTC,binance
0.982,1635924600000,0.072765,0.072774,0.072688,0.072724,197.7664,ETH/BTC,binance
0.983,1635924900000,0.072723,0.072793,0.0727,0.07271,250.0984,ETH/BTC,binance
0.984,1635925200000,0.072708,0.07274,0.072674,0.07269,135.7251,ETH/BTC,binance
0.985,1635925500000,0.072693,0.072746,0.07265,0.07273,159.8383,ETH/BTC,binance
0.986,1635925800000,0.072731,0.072767,0.07267,0.07274,172.4285,ETH/BTC,binance
0.987,1635926100000,0.072745,0.07289,0.072618,0.072726,351.913,ETH/BTC,binance
0.988,1635926400000,0.072734,0.07278,0.072572,0.072674,300.3638,ETH/BTC,binance
0.989,1635926700000,0.07266,0.072748,0.072643,0.072744,122.6958,ETH/BTC,binance
0.99,1635927000000,0.072757,0.072809,0.072714,0.07272,155.7839,ETH/BTC,binance
0.991,1635927300000,0.072717,0.072863,0.072662,0.072809,344.1265,ETH/BTC,binance
0.992,1635927600000,0.072807,0.072813,0.072733,0.072747,211.6612,ETH/BTC,binance
0.993,1635927900000,0.072748,0.072835,0.072746,0.072766,177.0918,ETH/BTC,binance
0.994,1635928200000,0.072768,0.072821,0.072701,0.072773,223.9751,ETH/BTC,binance
0.995,1635928500000,0.072772,0.072842,0.072765,0.072841,108.6459,ETH/BTC,binance
0.996,1635928800000,0.07284,0.072875,0.072802,0.072855,415.3161,ETH/BTC,binance
0.997,1635929100000,0.072856,0.072863,0.072834,0.072845,263.1058,ETH/BTC,binance
0.998,1635929400000,0.072844,0.072863,0.072793,0.072806,137.7956,ETH/BTC,binance
0.999,1635929700000,0.072807,0.072824,0.072721,0.072761,127.6073,ETH/BTC,binance
